start_node_id,end_node_id,properties.PrimaryGenre,properties.SubGenre,properties.Description
Quality-focused reciprocal middleware,Comedy,True,False,Animacion
Visionary motivating website,Action,True,False,Accion y aventuras
Profit-focused directional throughput,Romance,True,False,Comedia
Future-proofed 3rdgeneration model,Sci-Fi,False,True,Western
Front-line local Internet solution,Comedy,False,True,Deporte
Team-oriented empowering matrix,Sci-Fi,False,True,Musical
Digitized contextually-based array,Romance,True,False,Fantasia
Quality-focused object-oriented synergy,Romance,False,True,Deporte
Ameliorated mission-critical Internet solution,Comedy,False,True,Romance
User-friendly 5thgeneration approach,Comedy,True,False,Accion y aventuras
Compatible zero administration contingency,Comedy,False,True,Crimen
Stand-alone optimizing analyzer,Drama,True,False,Drama
Business-focused discrete model,Action,False,True,Crimen
Innovative asymmetric migration,Action,True,False,Deporte
Organic scalable artificial intelligence,Romance,True,False,Crimen
Devolved didactic help-desk,Drama,True,False,Familia
Expanded executive challenge,Action,False,True,Terror
Optional composite Local Area Network,Action,True,False,Animacion
Optional value-added extranet,Sci-Fi,True,False,Suspense
Enterprise-wide system-worthy help-desk,Comedy,True,False,Accion y aventuras
Object-based regional flexibility,Action,True,False,Western
Cross-group hybrid architecture,Sci-Fi,True,False,Terror
Up-sized regional intranet,Comedy,True,False,Crimen
Pre-emptive eco-centric intranet,Sci-Fi,False,True,Guerra
Ergonomic heuristic artificial intelligence,Romance,False,True,Drama
Phased 6thgeneration conglomeration,Action,True,False,Fantasia
Distributed next generation focus group,Comedy,True,False,Terror
Enhanced human-resource capability,Romance,False,True,Drama
Fundamental intangible leverage,Comedy,True,False,Historia
Front-line bifurcated hub,Sci-Fi,True,False,Ciencia ficcion
Switchable bifurcated artificial intelligence,Comedy,False,True,Documental
Up-sized maximized secured line,Sci-Fi,False,True,Documental
Quality-focused tangible budgetary management,Action,False,True,Crimen
Networked asymmetric initiative,Sci-Fi,True,False,Animacion
Right-sized attitude-oriented circuit,Romance,True,False,Romance
Cross-group directional definition,Drama,True,False,Accion y aventuras
Synchronized demand-driven toolset,Comedy,False,True,Animacion
Face-to-face incremental framework,Drama,False,True,Terror
Team-oriented multimedia ability,Romance,False,True,Guerra
Persistent contextually-based process improvement,Drama,False,True,Drama
Horizontal didactic parallelism,Sci-Fi,False,True,Animacion
Polarized radical solution,Action,False,True,Fantasia
Vision-oriented secondary info-mediaries,Drama,False,True,Familia
Customer-focused human-resource migration,Action,False,True,Fantasia
Open-architected foreground orchestration,Sci-Fi,True,False,Accion y aventuras
Reduced motivating secured line,Action,False,True,Ciencia ficcion
Innovative national definition,Drama,False,True,Drama
Multi-lateral 6thgeneration contingency,Action,True,False,Crimen
Ergonomic 24/7 support,Romance,False,True,Drama
Virtual optimal hub,Sci-Fi,False,True,Animacion
User-friendly local contingency,Romance,True,False,Historia
Fundamental intangible leverage,Action,True,False,Guerra
Re-engineered didactic Graphical User Interface,Drama,True,False,Suspense
Automated bandwidth-monitored alliance,Comedy,True,False,Deporte
Grass-roots intermediate project,Comedy,False,True,Documental
Enterprise-wide local data-warehouse,Sci-Fi,False,True,Crimen
Profound regional installation,Comedy,True,False,Drama
Managed motivating firmware,Drama,True,False,Suspense
Total user-facing standardization,Comedy,True,False,Accion y aventuras
Total tangible parallelism,Sci-Fi,True,False,Romance
Grass-roots mobile open system,Comedy,True,False,Historia
Reactive interactive structure,Drama,False,True,Comedia
Intuitive clear-thinking architecture,Sci-Fi,False,True,Drama
Face-to-face well-modulated flexibility,Comedy,True,False,Historia
Operative explicit open architecture,Comedy,True,False,Accion y aventuras
Visionary next generation solution,Comedy,False,True,Documental
Right-sized uniform encoding,Drama,True,False,Historia
Digitized directional focus group,Drama,False,True,Romance
Implemented system-worthy frame,Sci-Fi,False,True,Historia
Cloned clear-thinking throughput,Drama,True,False,Documental
Multi-lateral disintermediate budgetary management,Romance,False,True,Ciencia ficcion
Centralized optimal functionalities,Drama,False,True,Romance
Intuitive encompassing challenge,Sci-Fi,False,True,Guerra
Optimized motivating system engine,Drama,True,False,Comedia
Polarized secondary algorithm,Sci-Fi,True,False,Fantasia
Automated holistic encryption,Romance,True,False,Fantasia
Profit-focused system-worthy solution,Action,False,True,Documental
Profit-focused zero-defect success,Drama,False,True,Historia
Visionary impactful frame,Romance,True,False,Guerra
Multi-lateral zero tolerance structure,Sci-Fi,False,True,Drama
Virtual asymmetric policy,Comedy,False,True,Comedia
Virtual bifurcated productivity,Sci-Fi,True,False,Western
Robust motivating array,Drama,True,False,Accion y aventuras
Profound eco-centric portal,Comedy,False,True,Suspense
Multi-channeled solution-oriented service-desk,Action,True,False,Guerra
Customer-focused fault-tolerant function,Sci-Fi,True,False,Musical
Up-sized directional analyzer,Sci-Fi,False,True,Crimen
Mandatory static pricing structure,Romance,True,False,Fantasia
Streamlined dedicated structure,Sci-Fi,True,False,Comedia
Operative system-worthy hub,Action,True,False,Drama
Profit-focused discrete access,Drama,False,True,Historia
Public-key 4thgeneration knowledge user,Sci-Fi,False,True,Crimen
Profound impactful strategy,Action,False,True,Fantasia
Enterprise-wide dedicated moratorium,Sci-Fi,True,False,Animacion
Ergonomic heuristic artificial intelligence,Comedy,False,True,Familia
Implemented incremental Local Area Network,Action,True,False,Terror
Focused content-based intranet,Drama,True,False,Musical
Persistent responsive leverage,Sci-Fi,False,True,Accion y aventuras
Optional zero tolerance firmware,Sci-Fi,True,False,Familia
Visionary logistical utilization,Sci-Fi,True,False,Documental
Multi-lateral 3rdgeneration open architecture,Action,True,False,Documental
Visionary high-level conglomeration,Drama,False,True,Western
Digitized bifurcated model,Romance,True,False,Western
Customer-focused needs-based portal,Sci-Fi,True,False,Suspense
De-engineered systemic standardization,Drama,False,True,Guerra
Devolved well-modulated approach,Action,True,False,Familia
Operative bifurcated throughput,Drama,True,False,Accion y aventuras
Profound bifurcated flexibility,Action,False,True,Historia
Public-key systemic methodology,Comedy,False,True,Guerra
Visionary next generation solution,Sci-Fi,False,True,Drama
Realigned leadingedge hierarchy,Drama,False,True,Drama
Cloned clear-thinking throughput,Sci-Fi,False,True,Documental
Front-line dynamic time-frame,Sci-Fi,True,False,Accion y aventuras
Inverse clear-thinking groupware,Sci-Fi,True,False,Deporte
Universal responsive definition,Romance,True,False,Animacion
Right-sized full-range core,Comedy,False,True,Suspense
Compatible zero-defect encryption,Sci-Fi,False,True,Drama
Multi-tiered well-modulated policy,Comedy,True,False,Drama
Organic heuristic projection,Drama,True,False,Misterio
Function-based asynchronous budgetary management,Action,False,True,Fantasia
Organized disintermediate challenge,Sci-Fi,False,True,Deporte
Advanced 3rdgeneration migration,Romance,False,True,Terror
Sharable asynchronous info-mediaries,Romance,False,True,Documental
Innovative executive toolset,Sci-Fi,False,True,Romance
Cross-group hybrid architecture,Action,False,True,Animacion
Stand-alone methodical interface,Comedy,True,False,Misterio
Function-based transitional open architecture,Action,True,False,Romance
Mandatory systematic firmware,Romance,False,True,Romance
Self-enabling encompassing Graphic Interface,Comedy,False,True,Guerra
Innovative national definition,Action,False,True,Deporte
Virtual clear-thinking approach,Comedy,True,False,Guerra
Fundamental human-resource synergy,Comedy,False,True,Crimen
Organized neutral ability,Sci-Fi,False,True,Fantasia
Future-proofed exuding definition,Action,False,True,Fantasia
Enterprise-wide directional intranet,Comedy,False,True,Musical
Adaptive reciprocal analyzer,Action,True,False,Drama
Cloned cohesive collaboration,Action,True,False,Deporte
Secured non-volatile extranet,Action,False,True,Misterio
Upgradable encompassing middleware,Romance,True,False,Fantasia
Ergonomic heuristic artificial intelligence,Sci-Fi,True,False,Fantasia
Organic scalable artificial intelligence,Sci-Fi,True,False,Suspense
Centralized encompassing encoding,Action,True,False,Guerra
Devolved dynamic projection,Action,True,False,Ciencia ficcion
Ameliorated mission-critical Internet solution,Romance,False,True,Romance
Phased tangible intranet,Romance,True,False,Terror
Customizable stable ability,Sci-Fi,False,True,Romance
Distributed logistical alliance,Sci-Fi,False,True,Fantasia
Realigned responsive approach,Drama,False,True,Western
Fundamental bifurcated array,Romance,False,True,Misterio
Balanced client-server encryption,Action,False,True,Familia
Stand-alone uniform capability,Comedy,True,False,Western
Balanced tertiary support,Romance,False,True,Terror
Extended zero-defect adapter,Drama,False,True,Documental
Proactive clear-thinking initiative,Action,False,True,Fantasia
Assimilated human-resource strategy,Action,False,True,Western
Virtual disintermediate moderator,Romance,False,True,Western
Optional hybrid website,Romance,True,False,Suspense
Multi-layered optimal model,Drama,False,True,Misterio
User-centric well-modulated array,Romance,False,True,Romance
Right-sized tangible customer loyalty,Action,True,False,Comedia
Face-to-face background conglomeration,Drama,True,False,Western
Organized actuating functionalities,Sci-Fi,True,False,Ciencia ficcion
Multi-layered 24/7 Graphic Interface,Romance,True,False,Accion y aventuras
Down-sized contextually-based projection,Action,True,False,Accion y aventuras
Up-sized directional analyzer,Comedy,True,False,Suspense
Secured transitional architecture,Drama,False,True,Western
Extended solution-oriented analyzer,Drama,True,False,Animacion
Advanced 3rdgeneration migration,Sci-Fi,True,False,Guerra
Front-line demand-driven system engine,Sci-Fi,True,False,Animacion
Optimized asynchronous success,Romance,False,True,Guerra
Focused clear-thinking monitoring,Romance,False,True,Misterio
Intuitive methodical alliance,Romance,True,False,Animacion
Multi-lateral 24/7 contingency,Comedy,False,True,Historia
Horizontal 3rdgeneration hardware,Sci-Fi,True,False,Accion y aventuras
De-engineered full-range framework,Drama,False,True,Misterio
Progressive next generation matrices,Sci-Fi,False,True,Deporte
Open-architected incremental secured line,Sci-Fi,False,True,Accion y aventuras
Streamlined multi-tasking framework,Romance,True,False,Comedia
Face-to-face cohesive forecast,Comedy,False,True,Musical
Implemented holistic array,Romance,True,False,Guerra
Compatible demand-driven help-desk,Comedy,True,False,Terror
Assimilated multimedia parallelism,Comedy,True,False,Deporte
Mandatory high-level policy,Sci-Fi,False,True,Guerra
Diverse zero tolerance synergy,Sci-Fi,True,False,Animacion
Balanced motivating interface,Comedy,False,True,Deporte
Automated tangible orchestration,Drama,False,True,Historia
Visionary high-level conglomeration,Action,False,True,Misterio
Decentralized empowering ability,Drama,True,False,Documental
Digitized mobile neural-net,Drama,True,False,Fantasia
Enterprise-wide 3rdgeneration process improvement,Sci-Fi,False,True,Deporte
Diverse fresh-thinking matrix,Drama,False,True,Terror
Public-key optimal process improvement,Romance,True,False,Drama
Future-proofed 5thgeneration task-force,Romance,False,True,Suspense
Optional value-added extranet,Romance,True,False,Comedia
Adaptive scalable forecast,Sci-Fi,True,False,Ciencia ficcion
Open-architected 3rdgeneration definition,Drama,True,False,Crimen
Enterprise-wide system-worthy help-desk,Romance,True,False,Western
Virtual transitional contingency,Romance,True,False,Crimen
Exclusive encompassing time-frame,Action,False,True,Misterio
Polarized radical solution,Drama,False,True,Familia
Mandatory optimal toolset,Romance,True,False,Crimen
Cloned local functionalities,Romance,False,True,Suspense
Multi-lateral scalable structure,Drama,True,False,Misterio
Vision-oriented zero-defect intranet,Action,False,True,Western
Enhanced high-level hardware,Comedy,False,True,Documental
Intuitive bottom-line definition,Action,True,False,Deporte
Self-enabling asymmetric knowledge user,Romance,True,False,Suspense
Face-to-face regional capacity,Sci-Fi,True,False,Suspense
Virtual non-volatile workforce,Action,True,False,Misterio
Expanded mission-critical orchestration,Sci-Fi,False,True,Suspense
Total tangible parallelism,Comedy,False,True,Western
Centralized web-enabled projection,Sci-Fi,False,True,Terror
Visionary full-range superstructure,Sci-Fi,False,True,Western
Total 4thgeneration emulation,Sci-Fi,False,True,Western
Ameliorated fresh-thinking superstructure,Sci-Fi,True,False,Deporte
Virtual optimizing capability,Action,True,False,Animacion
Automated background secured line,Sci-Fi,False,True,Guerra
Total tangible strategy,Romance,True,False,Fantasia
Decentralized high-level artificial intelligence,Comedy,True,False,Fantasia
Versatile 24/7 framework,Drama,True,False,Animacion
Assimilated human-resource strategy,Action,True,False,Animacion
Inverse homogeneous superstructure,Drama,True,False,Accion y aventuras
Virtual leadingedge infrastructure,Comedy,True,False,Western
Inverse clear-thinking groupware,Romance,True,False,Fantasia
Implemented 24/7 strategy,Drama,True,False,Accion y aventuras
Open-source global task-force,Sci-Fi,False,True,Historia
Sharable contextually-based installation,Romance,False,True,Guerra
Realigned bifurcated toolset,Sci-Fi,False,True,Historia
Re-contextualized bandwidth-monitored workforce,Romance,False,True,Fantasia
Reduced optimizing toolset,Drama,False,True,Historia
Operative attitude-oriented product,Comedy,False,True,Documental
Digitized contextually-based array,Comedy,True,False,Accion y aventuras
Function-based asynchronous budgetary management,Sci-Fi,False,True,Romance
Expanded explicit workforce,Drama,True,False,Animacion
Profit-focused content-based collaboration,Action,True,False,Suspense
Cross-platform mission-critical flexibility,Action,True,False,Historia
Realigned 24hour attitude,Sci-Fi,True,False,Fantasia
Polarized composite data-warehouse,Romance,True,False,Musical
Exclusive optimizing customer loyalty,Drama,True,False,Documental
Seamless bandwidth-monitored intranet,Romance,True,False,Familia
Sharable 5thgeneration collaboration,Sci-Fi,True,False,Guerra
Implemented holistic array,Comedy,True,False,Comedia
Total contextually-based extranet,Drama,True,False,Musical
Extended zero-defect adapter,Sci-Fi,False,True,Terror
Vision-oriented secondary info-mediaries,Romance,True,False,Comedia
Intuitive heuristic architecture,Drama,False,True,Fantasia
Streamlined modular parallelism,Romance,False,True,Familia
Enterprise-wide asymmetric adapter,Sci-Fi,True,False,Historia
Operative radical benchmark,Action,False,True,Drama
Public-key value-added policy,Romance,False,True,Western
Optional 5thgeneration strategy,Sci-Fi,False,True,Familia
Stand-alone 24/7 moratorium,Drama,False,True,Familia
Synergistic systematic secured line,Action,False,True,Accion y aventuras
Triple-buffered bi-directional extranet,Romance,False,True,Suspense
Cross-platform 3rdgeneration functionalities,Comedy,True,False,Guerra
Universal demand-driven encryption,Action,True,False,Documental
Programmable real-time frame,Romance,False,True,Suspense
Cross-group asynchronous Internet solution,Drama,False,True,Ciencia ficcion
Reactive regional Local Area Network,Romance,False,True,Deporte
Programmable real-time frame,Comedy,True,False,Comedia
Total tangible parallelism,Comedy,False,True,Accion y aventuras
Open-source heuristic focus group,Romance,True,False,Familia
Enterprise-wide directional intranet,Drama,True,False,Romance
Configurable methodical Graphical User Interface,Comedy,True,False,Documental
Compatible zero-defect encryption,Comedy,True,False,Musical
Organized actuating functionalities,Sci-Fi,True,False,Romance
Cross-group asymmetric portal,Drama,True,False,Western
Virtual transitional contingency,Action,True,False,Accion y aventuras
Robust 6thgeneration service-desk,Sci-Fi,True,False,Western
Exclusive encompassing time-frame,Comedy,False,True,Fantasia
Team-oriented directional moratorium,Action,True,False,Terror
Function-based asynchronous budgetary management,Romance,True,False,Historia
Reactive regional Local Area Network,Romance,True,False,Terror
Function-based eco-centric paradigm,Comedy,False,True,Fantasia
Proactive asynchronous time-frame,Romance,True,False,Western
De-engineered bottom-line workforce,Drama,True,False,Drama
Pre-emptive solution-oriented success,Romance,True,False,Romance
De-engineered content-based implementation,Sci-Fi,False,True,Drama
Polarized object-oriented function,Drama,True,False,Guerra
Centralized tertiary forecast,Action,False,True,Ciencia ficcion
Future-proofed exuding definition,Romance,False,True,Guerra
Down-sized executive initiative,Action,True,False,Historia
Secured non-volatile extranet,Action,False,True,Suspense
Stand-alone methodical interface,Comedy,False,True,Ciencia ficcion
Robust mobile firmware,Comedy,False,True,Crimen
Front-line regional structure,Sci-Fi,True,False,Musical
Virtual asymmetric policy,Drama,False,True,Musical
Cross-platform directional methodology,Comedy,True,False,Romance
Profit-focused incremental knowledgebase,Comedy,False,True,Musical
Diverse 24/7 standardization,Drama,False,True,Drama
Ameliorated explicit intranet,Comedy,True,False,Western
Customizable contextually-based protocol,Romance,False,True,Musical
Persistent asymmetric protocol,Romance,False,True,Documental
Enhanced needs-based firmware,Drama,True,False,Ciencia ficcion
Re-contextualized impactful flexibility,Comedy,False,True,Deporte
Profit-focused directional throughput,Sci-Fi,False,True,Terror
Business-focused encompassing utilization,Romance,False,True,Guerra
Open-source global task-force,Comedy,True,False,Misterio
Managed heuristic strategy,Romance,True,False,Fantasia
Cross-group high-level standardization,Romance,True,False,Misterio
Inverse stable array,Comedy,True,False,Familia
Persevering logistical flexibility,Drama,True,False,Deporte
Ameliorated disintermediate ability,Drama,True,False,Animacion
Implemented value-added emulation,Action,False,True,Historia
Compatible secondary architecture,Drama,True,False,Crimen
Vision-oriented radical encoding,Comedy,True,False,Terror
Configurable mission-critical workforce,Comedy,False,True,Terror
Reactive interactive structure,Drama,True,False,Accion y aventuras
Automated tangible orchestration,Drama,True,False,Drama
Ergonomic client-server policy,Sci-Fi,False,True,Musical
Automated leadingedge toolset,Action,False,True,Romance
Public-key value-added policy,Sci-Fi,True,False,Animacion
Business-focused executive parallelism,Comedy,False,True,Suspense
Cloned executive moratorium,Comedy,False,True,Musical
Fundamental intangible leverage,Romance,True,False,Deporte
Robust directional open system,Drama,True,False,Ciencia ficcion
Future-proofed systemic middleware,Romance,False,True,Misterio
Synergistic logistical approach,Action,False,True,Musical
Ameliorated explicit intranet,Comedy,False,True,Misterio
Secured transitional architecture,Drama,False,True,Misterio
Implemented zero tolerance knowledgebase,Romance,False,True,Terror
Pre-emptive clear-thinking system engine,Romance,False,True,Documental
Visionary logistical structure,Action,False,True,Romance
Innovative executive toolset,Sci-Fi,True,False,Drama
Right-sized needs-based middleware,Sci-Fi,True,False,Drama
Function-based client-server projection,Drama,True,False,Comedia
Virtual transitional contingency,Comedy,False,True,Documental
Enterprise-wide bi-directional definition,Action,False,True,Romance
Open-source global task-force,Comedy,False,True,Misterio
Multi-layered motivating array,Sci-Fi,False,True,Terror
Stand-alone methodical interface,Drama,True,False,Western
Seamless full-range strategy,Romance,False,True,Deporte
Profit-focused user-facing encryption,Romance,False,True,Historia
Front-line attitude-oriented project,Drama,True,False,Romance
Re-contextualized background database,Comedy,False,True,Historia
Intuitive actuating matrix,Drama,False,True,Documental
Open-source solution-oriented focus group,Romance,True,False,Guerra
Synergized even-keeled paradigm,Comedy,False,True,Terror
De-engineered full-range framework,Drama,True,False,Ciencia ficcion
Profit-focused discrete access,Drama,False,True,Ciencia ficcion
Pre-emptive clear-thinking system engine,Comedy,True,False,Romance
Enhanced human-resource capability,Action,True,False,Romance
Inverse empowering moderator,Drama,True,False,Accion y aventuras
Cross-group stable forecast,Sci-Fi,False,True,Documental
Realigned zero-defect interface,Comedy,False,True,Comedia
Balanced systemic methodology,Comedy,True,False,Historia
Extended multi-state moderator,Romance,True,False,Western
Cloned radical firmware,Action,True,False,Suspense
Profit-focused asymmetric instruction set,Sci-Fi,False,True,Fantasia
Switchable homogeneous encoding,Drama,False,True,Guerra
Focused client-driven orchestration,Romance,False,True,Comedia
Versatile cohesive portal,Comedy,False,True,Romance
Optional systemic standardization,Sci-Fi,False,True,Historia
Multi-lateral 3rdgeneration open architecture,Romance,True,False,Historia
Re-contextualized impactful flexibility,Sci-Fi,False,True,Fantasia
Cross-group full-range throughput,Action,False,True,Crimen
Multi-layered 24/7 Graphic Interface,Sci-Fi,False,True,Familia
Robust neutral focus group,Romance,True,False,Crimen
Switchable homogeneous encoding,Comedy,True,False,Documental
Customer-focused needs-based portal,Romance,True,False,Comedia
Networked asymmetric initiative,Romance,True,False,Western
Fundamental directional matrix,Romance,False,True,Romance
Adaptive asymmetric database,Drama,False,True,Romance
Assimilated background initiative,Romance,False,True,Documental
Optimized attitude-oriented parallelism,Action,True,False,Suspense
Decentralized well-modulated function,Action,False,True,Documental
Exclusive coherent complexity,Drama,True,False,Crimen
Function-based transitional open architecture,Sci-Fi,False,True,Crimen
Phased 5thgeneration database,Comedy,True,False,Comedia
User-centric well-modulated array,Comedy,False,True,Crimen
Customizable 5thgeneration process improvement,Drama,False,True,Ciencia ficcion
Profound real-time neural-net,Action,True,False,Romance
Cross-platform 3rdgeneration functionalities,Action,False,True,Documental
Ameliorated disintermediate ability,Romance,True,False,Fantasia
Decentralized well-modulated function,Action,False,True,Terror
Multi-layered global moratorium,Drama,False,True,Western
Vision-oriented bifurcated encryption,Drama,False,True,Historia
Assimilated upward-trending solution,Drama,False,True,Historia
Digitized intangible success,Drama,True,False,Suspense
Sharable systemic collaboration,Romance,True,False,Familia
Decentralized disintermediate orchestration,Sci-Fi,True,False,Drama
Progressive background parallelism,Drama,True,False,Misterio
Exclusive background Local Area Network,Romance,False,True,Terror
Fundamental clear-thinking Graphical User Interface,Romance,True,False,Western
Customizable stable approach,Romance,False,True,Guerra
Advanced radical implementation,Drama,False,True,Suspense
Intuitive object-oriented model,Drama,False,True,Misterio
Reduced multi-state system engine,Comedy,True,False,Musical
Programmable encompassing support,Action,False,True,Animacion
Fully-configurable regional budgetary management,Romance,False,True,Fantasia
Automated leadingedge toolset,Comedy,True,False,Musical
Public-key value-added policy,Action,False,True,Accion y aventuras
Multi-lateral scalable structure,Drama,False,True,Historia
Expanded heuristic initiative,Sci-Fi,False,True,Crimen
Balanced logistical contingency,Sci-Fi,False,True,Romance
Enterprise-wide system-worthy help-desk,Action,False,True,Western
Public-key discrete archive,Comedy,True,False,Drama
Implemented holistic array,Action,False,True,Animacion
Centralized transitional policy,Romance,True,False,Drama
Fully-configurable discrete array,Drama,True,False,Fantasia
Pre-emptive modular artificial intelligence,Romance,False,True,Crimen
Ameliorated mission-critical Internet solution,Drama,False,True,Historia
Open-architected motivating Graphical User Interface,Sci-Fi,False,True,Ciencia ficcion
Synergistic actuating extranet,Action,True,False,Deporte
Fundamental hybrid strategy,Romance,True,False,Deporte
Multi-tiered client-driven success,Sci-Fi,False,True,Fantasia
Cross-group high-level standardization,Romance,False,True,Crimen
Re-contextualized bandwidth-monitored workforce,Romance,False,True,Familia
Profit-focused user-facing encryption,Drama,False,True,Guerra
Face-to-face foreground task-force,Action,True,False,Documental
Re-contextualized heuristic hardware,Action,False,True,Western
Switchable 24/7 structure,Comedy,True,False,Crimen
Ergonomic 6thgeneration hierarchy,Drama,True,False,Familia
Future-proofed fault-tolerant utilization,Drama,False,True,Deporte
Ameliorated 6thgeneration array,Drama,True,False,Musical
Fully-configurable homogeneous forecast,Romance,True,False,Drama
Operative grid-enabled frame,Sci-Fi,True,False,Misterio
Realigned bifurcated toolset,Comedy,True,False,Animacion
De-engineered zero tolerance algorithm,Action,True,False,Documental
Realigned local attitude,Drama,False,True,Musical
Customizable contextually-based protocol,Sci-Fi,False,True,Historia
Cross-group stable forecast,Action,True,False,Misterio
Switchable 24/7 structure,Action,True,False,Accion y aventuras
Pre-emptive clear-thinking system engine,Comedy,True,False,Romance
Right-sized uniform encoding,Drama,False,True,Western
Visionary logistical utilization,Drama,False,True,Suspense
Centralized web-enabled projection,Drama,True,False,Accion y aventuras
Intuitive upward-trending flexibility,Drama,False,True,Familia
Digitized intangible success,Comedy,False,True,Western
Digitized executive task-force,Sci-Fi,True,False,Romance
Profit-focused content-based collaboration,Romance,False,True,Romance
Sharable contextually-based installation,Comedy,True,False,Misterio
Profit-focused directional throughput,Romance,False,True,Ciencia ficcion
Re-engineered explicit architecture,Comedy,True,False,Fantasia
Visionary national open architecture,Comedy,False,True,Historia
Open-architected motivating Graphical User Interface,Action,True,False,Ciencia ficcion
Cross-platform holistic leverage,Comedy,True,False,Ciencia ficcion
Multi-layered interactive moratorium,Romance,False,True,Documental
Front-line analyzing hierarchy,Sci-Fi,True,False,Crimen
Open-architected context-sensitive approach,Drama,False,True,Guerra
Devolved directional service-desk,Sci-Fi,True,False,Drama
Compatible optimal forecast,Comedy,False,True,Terror
Expanded mission-critical orchestration,Romance,False,True,Terror
Open-source solution-oriented focus group,Drama,True,False,Fantasia
Intuitive upward-trending flexibility,Comedy,False,True,Crimen
Upgradable tertiary application,Action,False,True,Deporte
Synergistic motivating solution,Action,False,True,Accion y aventuras
Expanded analyzing help-desk,Romance,False,True,Terror
Secured directional functionalities,Sci-Fi,False,True,Terror
Re-engineered actuating budgetary management,Action,False,True,Guerra
Fundamental methodical projection,Romance,False,True,Terror
Implemented eco-centric productivity,Action,True,False,Animacion
Up-sized regional intranet,Action,True,False,Western
Sharable systemic collaboration,Romance,True,False,Documental
Re-engineered context-sensitive superstructure,Sci-Fi,True,False,Terror
Compatible demand-driven help-desk,Romance,True,False,Romance
Enterprise-wide optimizing function,Action,True,False,Western
Diverse multi-state analyzer,Drama,True,False,Animacion
Face-to-face regional capacity,Sci-Fi,True,False,Guerra
Distributed eco-centric data-warehouse,Comedy,True,False,Crimen
Exclusive background Local Area Network,Comedy,False,True,Suspense
Synchronized system-worthy throughput,Romance,False,True,Terror
Persevering well-modulated help-desk,Action,True,False,Terror
Adaptive multi-state hierarchy,Sci-Fi,True,False,Fantasia
Horizontal 5thgeneration Graphical User Interface,Drama,True,False,Ciencia ficcion
Realigned leadingedge hierarchy,Drama,True,False,Terror
Polarized object-oriented function,Action,True,False,Musical
Decentralized high-level artificial intelligence,Action,False,True,Comedia
Visionary next generation circuit,Sci-Fi,False,True,Ciencia ficcion
Synergistic transitional task-force,Action,False,True,Drama
Profound regional installation,Comedy,False,True,Misterio
Self-enabling dedicated customer loyalty,Sci-Fi,True,False,Accion y aventuras
Devolved solution-oriented complexity,Drama,True,False,Misterio
Mandatory optimal toolset,Sci-Fi,True,False,Deporte
Virtual leadingedge infrastructure,Sci-Fi,True,False,Familia
Triple-buffered actuating initiative,Comedy,True,False,Comedia
Profit-focused user-facing encryption,Comedy,True,False,Guerra
Expanded executive challenge,Drama,True,False,Misterio
Cloned demand-driven functionalities,Comedy,True,False,Ciencia ficcion
Reactive interactive structure,Action,True,False,Romance
Customizable scalable intranet,Drama,False,True,Familia
Advanced next generation contingency,Romance,True,False,Musical
Compatible static utilization,Romance,False,True,Misterio
Team-oriented zero-defect solution,Romance,True,False,Western
Focused client-driven orchestration,Comedy,False,True,Guerra
Polarized directional framework,Drama,False,True,Western
Universal responsive definition,Drama,False,True,Comedia
Open-architected 24/7 software,Action,True,False,Drama
Diverse multi-state analyzer,Romance,True,False,Accion y aventuras
Innovative 24/7 migration,Comedy,False,True,Crimen
Fundamental hybrid strategy,Drama,False,True,Guerra
Digitized directional focus group,Sci-Fi,True,False,Misterio
Horizontal fresh-thinking interface,Action,True,False,Romance
Total user-facing standardization,Drama,False,True,Deporte
Right-sized full-range core,Drama,False,True,Deporte
Public-key zero tolerance encryption,Action,True,False,Animacion
Programmable holistic hierarchy,Comedy,False,True,Accion y aventuras
Mandatory high-level policy,Action,False,True,Western
Profound attitude-oriented frame,Comedy,False,True,Documental
User-friendly 5thgeneration approach,Comedy,False,True,Crimen
Horizontal 5thgeneration Graphical User Interface,Drama,True,False,Terror
Compatible zero-defect encryption,Romance,True,False,Drama
Reactive 24hour system engine,Comedy,False,True,Documental
Profit-focused asymmetric instruction set,Comedy,False,True,Familia
Virtual transitional contingency,Sci-Fi,False,True,Crimen
Cloned multi-state contingency,Action,False,True,Familia
Organized background framework,Sci-Fi,True,False,Comedia
Virtual transitional contingency,Sci-Fi,False,True,Suspense
Profit-focused discrete access,Drama,True,False,Comedia
Multi-layered motivating array,Comedy,False,True,Documental
Advanced 3rdgeneration migration,Sci-Fi,False,True,Misterio
Open-source global task-force,Romance,True,False,Crimen
Persistent local interface,Comedy,False,True,Guerra
Operative system-worthy hub,Sci-Fi,True,False,Fantasia
Exclusive eco-centric projection,Comedy,False,True,Ciencia ficcion
Networked system-worthy software,Sci-Fi,False,True,Western
Enterprise-wide system-worthy help-desk,Comedy,False,True,Comedia
Total responsive emulation,Romance,False,True,Fantasia
Visionary logistical structure,Sci-Fi,False,True,Western
Optional hybrid website,Action,False,True,Terror
Fundamental heuristic array,Comedy,True,False,Ciencia ficcion
Seamless encompassing encoding,Drama,True,False,Romance
Devolved interactive alliance,Action,False,True,Familia
Optional intermediate info-mediaries,Action,False,True,Accion y aventuras
Enhanced dynamic portal,Drama,False,True,Familia
Networked cohesive definition,Sci-Fi,True,False,Animacion
Right-sized uniform encoding,Action,True,False,Misterio
Reduced zero-defect migration,Drama,False,True,Historia
Front-line analyzing hierarchy,Comedy,True,False,Historia
Streamlined grid-enabled budgetary management,Comedy,True,False,Animacion
Operative maximized capability,Romance,True,False,Accion y aventuras
User-friendly system-worthy neural-net,Romance,True,False,Deporte
Upgradable executive frame,Sci-Fi,True,False,Deporte
Monitored tertiary moderator,Comedy,True,False,Crimen
Profit-focused user-facing encryption,Comedy,True,False,Deporte
De-engineered disintermediate pricing structure,Action,False,True,Comedia
Fully-configurable regional budgetary management,Drama,True,False,Musical
Streamlined system-worthy architecture,Drama,True,False,Documental
Diverse multi-state analyzer,Sci-Fi,True,False,Fantasia
Profit-focused zero-defect success,Sci-Fi,False,True,Animacion
User-centric upward-trending data-warehouse,Sci-Fi,True,False,Crimen
Organized high-level Graphic Interface,Drama,False,True,Familia
Horizontal 3rdgeneration hardware,Romance,True,False,Crimen
Digitized full-range portal,Drama,True,False,Deporte
Expanded mobile function,Romance,False,True,Accion y aventuras
Multi-tiered client-driven success,Sci-Fi,True,False,Historia
Down-sized eco-centric paradigm,Comedy,False,True,Documental
Reactive interactive structure,Romance,False,True,Documental
Pre-emptive non-volatile alliance,Comedy,False,True,Western
Networked disintermediate success,Drama,False,True,Musical
Decentralized well-modulated function,Drama,True,False,Romance
Optional hybrid website,Drama,True,False,Western
Monitored background toolset,Romance,False,True,Western
Multi-layered bottom-line info-mediaries,Romance,False,True,Drama
Polarized solution-oriented concept,Romance,True,False,Deporte
Synchronized radical paradigm,Action,False,True,Historia
Innovative solution-oriented concept,Action,False,True,Familia
Sharable systemic policy,Romance,False,True,Fantasia
Mandatory static pricing structure,Action,False,True,Musical
Switchable homogeneous initiative,Romance,False,True,Romance
Operative disintermediate Graphical User Interface,Sci-Fi,False,True,Crimen
Versatile attitude-oriented circuit,Drama,True,False,Documental
De-engineered zero tolerance algorithm,Action,False,True,Fantasia
Versatile asymmetric array,Comedy,True,False,Fantasia
Proactive full-range portal,Drama,False,True,Drama
Triple-buffered stable structure,Comedy,False,True,Guerra
Devolved well-modulated approach,Action,False,True,Ciencia ficcion
Innovative mobile framework,Drama,False,True,Crimen
Optional systemic standardization,Drama,True,False,Historia
Focused coherent project,Drama,True,False,Guerra
Robust mobile firmware,Action,False,True,Historia
Vision-oriented modular circuit,Comedy,False,True,Historia
Cloned executive moratorium,Drama,True,False,Romance
Reactive background synergy,Romance,True,False,Terror
User-centric radical workforce,Comedy,False,True,Western
Realigned bifurcated toolset,Sci-Fi,False,True,Documental
Robust neutral focus group,Comedy,True,False,Misterio
Adaptive foreground conglomeration,Romance,False,True,Documental
Reactive 4thgeneration approach,Romance,True,False,Deporte
Front-line dynamic time-frame,Romance,True,False,Guerra
Profound bifurcated flexibility,Comedy,False,True,Western
Balanced non-volatile concept,Romance,True,False,Animacion
Profit-focused incremental knowledgebase,Action,False,True,Musical
Customer-focused fault-tolerant function,Romance,True,False,Terror
Implemented incremental Local Area Network,Romance,False,True,Musical
Profound eco-centric portal,Drama,False,True,Documental
Centralized encompassing encoding,Drama,False,True,Western
Fundamental methodical projection,Comedy,False,True,Misterio
Polarized disintermediate leverage,Action,True,False,Documental
Virtual leadingedge infrastructure,Comedy,False,True,Familia
Automated well-modulated architecture,Action,False,True,Historia
Decentralized global emulation,Drama,True,False,Fantasia
Robust clear-thinking paradigm,Action,False,True,Deporte
Open-source zero-defect framework,Action,False,True,Accion y aventuras
Optimized asynchronous success,Sci-Fi,True,False,Misterio
Multi-layered interactive moratorium,Drama,False,True,Misterio
Balanced fresh-thinking forecast,Romance,False,True,Accion y aventuras
Front-line asymmetric process improvement,Drama,False,True,Fantasia
Profound attitude-oriented frame,Comedy,False,True,Western
Fundamental well-modulated moderator,Action,False,True,Terror
Enhanced zero-defect firmware,Romance,False,True,Misterio
Function-based transitional open architecture,Sci-Fi,False,True,Fantasia
Robust motivating array,Romance,False,True,Comedia
Assimilated tangible process improvement,Comedy,True,False,Guerra
Object-based eco-centric hardware,Romance,False,True,Deporte
Reverse-engineered holistic software,Sci-Fi,False,True,Animacion
Phased 24hour neural-net,Sci-Fi,False,True,Fantasia
Exclusive grid-enabled capacity,Action,True,False,Familia
Cloned zero administration conglomeration,Action,True,False,Documental
Organic upward-trending portal,Comedy,False,True,Drama
Persistent heuristic strategy,Sci-Fi,True,False,Musical
Stand-alone methodical interface,Action,False,True,Fantasia
Object-based reciprocal throughput,Sci-Fi,True,False,Guerra
Profit-focused asymmetric instruction set,Drama,False,True,Romance
Total tangible parallelism,Drama,False,True,Suspense
Focused tertiary conglomeration,Comedy,False,True,Drama
Extended multi-state moderator,Sci-Fi,False,True,Terror
Robust motivating migration,Romance,True,False,Guerra
Pre-emptive didactic customer loyalty,Romance,True,False,Western
Devolved cohesive function,Drama,False,True,Historia
Enhanced maximized help-desk,Sci-Fi,True,False,Terror
Fully-configurable mission-critical Graphic Interface,Comedy,True,False,Suspense
Persistent responsive leverage,Comedy,True,False,Musical
Enhanced 3rdgeneration attitude,Sci-Fi,False,True,Guerra
Exclusive encompassing time-frame,Romance,False,True,Western
Realigned leadingedge hierarchy,Sci-Fi,False,True,Comedia
Decentralized high-level artificial intelligence,Comedy,True,False,Comedia
Distributed non-volatile application,Drama,False,True,Guerra
Open-architected clear-thinking intranet,Action,False,True,Crimen
Business-focused discrete model,Drama,True,False,Documental
Fully-configurable 24hour capacity,Drama,False,True,Misterio
Organic scalable artificial intelligence,Action,False,True,Fantasia
Open-source zero-defect framework,Drama,True,False,Drama
Sharable static structure,Romance,True,False,Suspense
Fundamental intermediate alliance,Comedy,False,True,Animacion
Open-architected explicit toolset,Romance,True,False,Documental
Organized dedicated middleware,Romance,False,True,Misterio
Networked value-added benchmark,Action,True,False,Fantasia
Down-sized encompassing time-frame,Sci-Fi,False,True,Guerra
Secured directional functionalities,Action,True,False,Terror
Integrated human-resource function,Romance,False,True,Guerra
Re-engineered systematic function,Sci-Fi,False,True,Drama
Profit-focused user-facing encryption,Action,False,True,Western
Open-source optimizing paradigm,Romance,False,True,Misterio
Horizontal didactic parallelism,Action,True,False,Documental
Future-proofed exuding definition,Comedy,True,False,Animacion
Team-oriented systematic software,Action,False,True,Historia
Open-architected maximized monitoring,Sci-Fi,True,False,Guerra
Upgradable executive frame,Sci-Fi,True,False,Animacion
Customizable regional contingency,Comedy,True,False,Documental
Ergonomic client-server policy,Comedy,False,True,Accion y aventuras
Proactive secondary throughput,Drama,True,False,Fantasia
Integrated human-resource function,Sci-Fi,True,False,Familia
Re-contextualized bandwidth-monitored workforce,Comedy,True,False,Familia
Robust clear-thinking paradigm,Drama,False,True,Crimen
Reactive 5thgeneration throughput,Sci-Fi,True,False,Musical
Reduced multi-state system engine,Romance,False,True,Ciencia ficcion
Multi-lateral zero tolerance structure,Comedy,False,True,Terror
Public-key bottom-line frame,Sci-Fi,True,False,Romance
Fully-configurable global concept,Comedy,False,True,Drama
Visionary full-range superstructure,Action,False,True,Musical
Persistent asymmetric protocol,Drama,True,False,Deporte
Team-oriented optimal analyzer,Comedy,False,True,Suspense
Polarized next generation circuit,Drama,False,True,Historia
Persistent impactful attitude,Romance,True,False,Historia
Re-contextualized mission-critical success,Romance,True,False,Historia
Profound systematic project,Action,True,False,Comedia
Innovative national definition,Comedy,False,True,Suspense
Mandatory executive Internet solution,Sci-Fi,False,True,Drama
Progressive local circuit,Comedy,False,True,Historia
Enterprise-wide system-worthy help-desk,Comedy,True,False,Terror
Vision-oriented tangible flexibility,Comedy,True,False,Accion y aventuras
Polarized local utilization,Comedy,False,True,Terror
Reduced value-added workforce,Sci-Fi,False,True,Crimen
Centralized bandwidth-monitored emulation,Action,False,True,Musical
Fundamental clear-thinking Graphical User Interface,Drama,True,False,Guerra
Expanded zero administration architecture,Action,False,True,Fantasia
Cloned neutral alliance,Action,True,False,Historia
Enterprise-wide foreground circuit,Romance,True,False,Musical
Reverse-engineered fresh-thinking extranet,Sci-Fi,False,True,Comedia
Exclusive eco-centric projection,Action,True,False,Accion y aventuras
Right-sized executive productivity,Romance,True,False,Ciencia ficcion
Robust context-sensitive Graphical User Interface,Comedy,False,True,Terror
Enhanced zero-defect firmware,Romance,True,False,Crimen
Optimized asynchronous success,Romance,False,True,Western
Horizontal full-range encryption,Romance,True,False,Guerra
Triple-buffered static Local Area Network,Drama,False,True,Historia
Fully-configurable regional budgetary management,Comedy,False,True,Crimen
Customizable 5thgeneration process improvement,Drama,True,False,Ciencia ficcion
Right-sized needs-based middleware,Sci-Fi,True,False,Romance
Compatible systemic throughput,Drama,False,True,Familia
Sharable real-time firmware,Sci-Fi,False,True,Deporte
Streamlined grid-enabled budgetary management,Drama,True,False,Accion y aventuras
Future-proofed exuding definition,Romance,True,False,Accion y aventuras
Organized neutral ability,Drama,True,False,Misterio
Team-oriented maximized website,Comedy,False,True,Fantasia
Mandatory zero administration implementation,Sci-Fi,True,False,Guerra
Re-contextualized intermediate paradigm,Action,True,False,Comedia
Implemented eco-centric productivity,Drama,True,False,Crimen
Devolved well-modulated approach,Drama,False,True,Deporte
Streamlined grid-enabled budgetary management,Sci-Fi,True,False,Misterio
Operative radical benchmark,Action,True,False,Romance
Cloned explicit adapter,Romance,False,True,Animacion
Devolved directional service-desk,Romance,True,False,Romance
Fundamental intangible leverage,Sci-Fi,True,False,Documental
Profit-focused zero-defect success,Romance,True,False,Terror
Fully-configurable intangible artificial intelligence,Sci-Fi,True,False,Guerra
Front-line bifurcated hub,Comedy,False,True,Fantasia
Organic heuristic projection,Sci-Fi,False,True,Historia
Centralized needs-based open architecture,Action,True,False,Deporte
Intuitive bottom-line definition,Romance,False,True,Fantasia
Visionary multi-tasking neural-net,Comedy,False,True,Fantasia
Pre-emptive grid-enabled migration,Comedy,False,True,Crimen
Inverse stable product,Comedy,False,True,Guerra
Seamless encompassing encoding,Action,False,True,Animacion
Profound bifurcated flexibility,Action,True,False,Crimen
Open-source optimizing paradigm,Sci-Fi,True,False,Suspense
Reduced actuating application,Romance,False,True,Crimen
Horizontal full-range encryption,Romance,False,True,Terror
Streamlined scalable service-desk,Action,True,False,Accion y aventuras
Team-oriented web-enabled toolset,Action,True,False,Misterio
Ameliorated fresh-thinking superstructure,Drama,True,False,Comedia
Inverse maximized definition,Sci-Fi,True,False,Crimen
Managed contextually-based protocol,Romance,True,False,Crimen
Customer-focused fault-tolerant function,Comedy,False,True,Ciencia ficcion
Balanced fresh-thinking forecast,Romance,False,True,Musical
Function-based encompassing capacity,Action,True,False,Fantasia
Virtual asymmetric policy,Comedy,False,True,Guerra
User-friendly 24hour definition,Romance,True,False,Drama
Horizontal uniform support,Action,True,False,Musical
Stand-alone dynamic project,Comedy,False,True,Misterio
Profit-focused system-worthy solution,Action,True,False,Ciencia ficcion
Digitized static product,Drama,True,False,Deporte
Exclusive background Local Area Network,Action,True,False,Guerra
Down-sized exuding groupware,Romance,True,False,Comedia
Re-engineered composite benchmark,Comedy,False,True,Historia
Adaptive asymmetric database,Sci-Fi,True,False,Misterio
Operative grid-enabled frame,Action,True,False,Deporte
Realigned stable portal,Romance,False,True,Ciencia ficcion
Fully-configurable intangible artificial intelligence,Drama,False,True,Fantasia
Digitized full-range portal,Romance,True,False,Historia
Business-focused executive parallelism,Romance,True,False,Animacion
Multi-lateral zero tolerance structure,Romance,True,False,Guerra
Digitized bifurcated model,Sci-Fi,True,False,Drama
Extended coherent neural-net,Action,True,False,Misterio
Diverse fresh-thinking matrix,Sci-Fi,False,True,Misterio
Mandatory zero administration implementation,Comedy,True,False,Documental
Open-source global task-force,Action,True,False,Romance
Devolved coherent software,Drama,False,True,Deporte
Multi-lateral bifurcated Local Area Network,Drama,False,True,Crimen
Progressive background parallelism,Comedy,True,False,Documental
Reduced actuating application,Drama,False,True,Familia
Digitized actuating success,Action,True,False,Suspense
Open-source value-added ability,Romance,False,True,Drama
Robust reciprocal project,Sci-Fi,True,False,Suspense
Cross-group intermediate archive,Action,True,False,Musical
Phased 6thgeneration conglomeration,Sci-Fi,True,False,Western
Future-proofed exuding definition,Comedy,True,False,Romance
Synergistic secondary parallelism,Sci-Fi,True,False,Guerra
Right-sized context-sensitive hierarchy,Drama,True,False,Musical
Polarized disintermediate leverage,Drama,True,False,Terror
Configurable didactic time-frame,Romance,True,False,Terror
De-engineered full-range framework,Action,False,True,Guerra
Optional intermediate info-mediaries,Romance,False,True,Terror
Re-engineered systematic function,Action,True,False,Comedia
Face-to-face holistic database,Sci-Fi,True,False,Romance
Synergistic actuating extranet,Comedy,False,True,Western
Persevering stable service-desk,Action,False,True,Deporte
Centralized needs-based open architecture,Romance,False,True,Fantasia
Automated national groupware,Drama,True,False,Musical
Proactive clear-thinking initiative,Comedy,True,False,Western
Devolved real-time initiative,Romance,False,True,Familia
Balanced fresh-thinking adapter,Sci-Fi,True,False,Musical
Vision-oriented national algorithm,Action,True,False,Misterio
Compatible optimal forecast,Romance,True,False,Suspense
Intuitive 5thgeneration neural-net,Romance,False,True,Documental
Re-engineered analyzing open architecture,Sci-Fi,False,True,Familia
Profound leadingedge capacity,Action,True,False,Familia
Vision-oriented composite functionalities,Drama,True,False,Animacion
Profit-focused upward-trending frame,Romance,True,False,Documental
Inverse 6thgeneration collaboration,Sci-Fi,False,True,Crimen
Customer-focused coherent orchestration,Sci-Fi,True,False,Familia
Cloned fault-tolerant hub,Drama,False,True,Familia
Profit-focused asymmetric instruction set,Sci-Fi,True,False,Comedia
Multi-layered well-modulated firmware,Romance,False,True,Fantasia
Front-line national data-warehouse,Comedy,True,False,Comedia
Vision-oriented zero-defect intranet,Sci-Fi,False,True,Familia
Down-sized demand-driven synergy,Comedy,True,False,Deporte
Open-source optimal utilization,Romance,False,True,Suspense
Front-line local Internet solution,Comedy,False,True,Documental
Balanced motivating interface,Sci-Fi,True,False,Accion y aventuras
Extended zero-defect adapter,Comedy,False,True,Familia
Open-architected hybrid frame,Sci-Fi,True,False,Crimen
Innovative solution-oriented concept,Comedy,True,False,Western
User-centric radical workforce,Sci-Fi,True,False,Guerra
Operative non-volatile pricing structure,Sci-Fi,False,True,Deporte
Mandatory static pricing structure,Action,False,True,Terror
Customizable grid-enabled definition,Romance,False,True,Romance
Exclusive background Local Area Network,Sci-Fi,False,True,Terror
Reactive regional Local Area Network,Drama,False,True,Terror
Compatible high-level hardware,Comedy,False,True,Accion y aventuras
Fundamental intermediate alliance,Sci-Fi,False,True,Guerra
Front-line actuating knowledgebase,Action,False,True,Crimen
Multi-lateral zero tolerance structure,Sci-Fi,False,True,Accion y aventuras
Public-key scalable portal,Comedy,True,False,Deporte
Reactive 4thgeneration approach,Comedy,True,False,Suspense
Multi-channeled grid-enabled definition,Drama,True,False,Documental
Multi-channeled 5thgeneration orchestration,Drama,False,True,Romance
Persistent impactful attitude,Drama,True,False,Terror
Public-key optimal process improvement,Drama,True,False,Historia
Managed solution-oriented analyzer,Drama,False,True,Drama
Virtual non-volatile workforce,Comedy,True,False,Documental
Total next generation encoding,Action,False,True,Documental
Networked hybrid projection,Romance,False,True,Romance
Quality-focused client-server structure,Sci-Fi,False,True,Crimen
Total 4thgeneration emulation,Action,False,True,Musical
Quality-focused contextually-based structure,Sci-Fi,True,False,Musical
Cross-platform 3rdgeneration functionalities,Drama,False,True,Western
Persistent heuristic strategy,Sci-Fi,False,True,Musical
Vision-oriented impactful algorithm,Sci-Fi,True,False,Musical
Organized dynamic leverage,Romance,False,True,Accion y aventuras
Profound bifurcated flexibility,Drama,True,False,Fantasia
Optional 24hour open architecture,Action,True,False,Animacion
Team-oriented maximized website,Sci-Fi,False,True,Crimen
Customizable zero-defect service-desk,Comedy,True,False,Crimen
Mandatory high-level policy,Drama,False,True,Crimen
Organized actuating functionalities,Drama,False,True,Documental
Visionary solution-oriented emulation,Romance,True,False,Historia
Reduced optimizing toolset,Romance,True,False,Western
Switchable homogeneous encoding,Drama,True,False,Documental
Optional value-added extranet,Comedy,True,False,Romance
Fully-configurable intangible artificial intelligence,Romance,False,True,Drama
Implemented system-worthy frame,Drama,True,False,Crimen
Cloned neutral alliance,Action,True,False,Misterio
Triple-buffered fault-tolerant task-force,Drama,False,True,Crimen
Progressive scalable frame,Comedy,True,False,Documental
Devolved didactic help-desk,Comedy,True,False,Western
Reduced radical analyzer,Comedy,False,True,Accion y aventuras
Proactive asynchronous time-frame,Drama,True,False,Romance
Phased multi-tasking focus group,Romance,True,False,Fantasia
Visionary high-level conglomeration,Sci-Fi,True,False,Guerra
Focused well-modulated circuit,Action,True,False,Deporte
Networked mobile migration,Drama,False,True,Familia
Multi-lateral foreground service-desk,Sci-Fi,True,False,Misterio
Sharable attitude-oriented attitude,Comedy,True,False,Terror
Networked exuding synergy,Drama,False,True,Ciencia ficcion
Multi-lateral disintermediate extranet,Drama,False,True,Guerra
Customer-focused asynchronous middleware,Romance,False,True,Drama
Digitized executive task-force,Action,False,True,Western
Cloned analyzing groupware,Romance,False,True,Guerra
Synergistic logistical approach,Action,False,True,Familia
Profit-focused user-facing encryption,Action,True,False,Drama
Cross-group human-resource Internet solution,Comedy,False,True,Musical
Realigned 24hour attitude,Action,False,True,Romance
Versatile cohesive portal,Comedy,True,False,Historia
Diverse 24/7 standardization,Sci-Fi,True,False,Romance
Visionary impactful frame,Comedy,False,True,Drama
Organized dedicated middleware,Sci-Fi,False,True,Comedia
Re-contextualized intermediate paradigm,Comedy,False,True,Documental
Assimilated multimedia parallelism,Drama,True,False,Ciencia ficcion
Ameliorated 6thgeneration array,Comedy,False,True,Animacion
Monitored background toolset,Action,False,True,Ciencia ficcion
Assimilated background initiative,Sci-Fi,True,False,Western
Mandatory high-level policy,Action,False,True,Historia
Face-to-face holistic database,Romance,False,True,Ciencia ficcion
Quality-focused contextually-based structure,Romance,False,True,Deporte
Synchronized tangible projection,Comedy,False,True,Accion y aventuras
Virtual bifurcated productivity,Sci-Fi,False,True,Western
Automated holistic encryption,Romance,True,False,Drama
Balanced 5thgeneration pricing structure,Romance,True,False,Comedia
Cross-platform foreground projection,Drama,False,True,Western
Multi-lateral 6thgeneration contingency,Drama,False,True,Ciencia ficcion
Function-based 24hour instruction set,Action,True,False,Familia
Reactive global implementation,Action,True,False,Deporte
Phased 24hour neural-net,Action,True,False,Terror
Compatible secondary architecture,Drama,True,False,Ciencia ficcion
Customizable scalable intranet,Action,True,False,Drama
Profound needs-based parallelism,Comedy,False,True,Misterio
Focused client-driven orchestration,Comedy,True,False,Drama
Managed motivating firmware,Comedy,True,False,Suspense
Persevering fresh-thinking utilization,Comedy,True,False,Ciencia ficcion
Fundamental asynchronous success,Action,False,True,Western
Digitized directional focus group,Comedy,False,True,Suspense
Streamlined modular parallelism,Action,False,True,Fantasia
Automated tangible orchestration,Sci-Fi,False,True,Accion y aventuras
Pre-emptive disintermediate archive,Sci-Fi,True,False,Comedia
Public-key directional parallelism,Drama,True,False,Misterio
Integrated zero-defect synergy,Drama,True,False,Ciencia ficcion
Organized neutral ability,Action,True,False,Romance
Stand-alone optimizing analyzer,Sci-Fi,True,False,Ciencia ficcion
Digitized intangible success,Romance,True,False,Historia
Customizable dynamic utilization,Drama,False,True,Deporte
Right-sized incremental archive,Action,True,False,Romance
Team-oriented zero-defect solution,Comedy,True,False,Guerra
Grass-roots impactful orchestration,Comedy,False,True,Suspense
Visionary logistical utilization,Sci-Fi,True,False,Guerra
Enhanced 3rdgeneration productivity,Action,True,False,Western
Virtual asymmetric policy,Romance,False,True,Comedia
Persistent fresh-thinking algorithm,Action,True,False,Romance
Fully-configurable stable infrastructure,Action,True,False,Comedia
Networked hybrid projection,Action,True,False,Animacion
Automated discrete definition,Comedy,True,False,Musical
Expanded mission-critical orchestration,Romance,True,False,Accion y aventuras
Sharable dynamic Local Area Network,Comedy,True,False,Fantasia
Networked optimizing contingency,Action,True,False,Accion y aventuras
Configurable transitional product,Romance,True,False,Terror
Devolved hybrid toolset,Comedy,False,True,Fantasia
Streamlined grid-enabled budgetary management,Comedy,True,False,Romance
Versatile 24/7 framework,Sci-Fi,True,False,Terror
Advanced transitional archive,Drama,False,True,Fantasia
Down-sized contextually-based projection,Drama,True,False,Terror
Streamlined bottom-line hierarchy,Sci-Fi,False,True,Fantasia
Expanded heuristic initiative,Comedy,False,True,Accion y aventuras
Persistent contextually-based process improvement,Romance,False,True,Drama
Front-line regional structure,Action,True,False,Historia
Triple-buffered fault-tolerant task-force,Action,True,False,Western
Devolved directional service-desk,Sci-Fi,False,True,Terror
Polarized radical solution,Drama,False,True,Guerra
Expanded explicit workforce,Action,False,True,Drama
Fully-configurable stable infrastructure,Drama,True,False,Guerra
Reduced value-added workforce,Comedy,False,True,Ciencia ficcion
Digitized mobile neural-net,Romance,True,False,Misterio
Multi-lateral 3rdgeneration interface,Romance,False,True,Guerra
Monitored coherent matrix,Sci-Fi,True,False,Documental
Robust clear-thinking paradigm,Sci-Fi,True,False,Western
Centralized transitional policy,Drama,False,True,Drama
Profound needs-based parallelism,Comedy,True,False,Comedia
Pre-emptive didactic customer loyalty,Romance,False,True,Animacion
Up-sized optimizing approach,Comedy,True,False,Familia
Streamlined system-worthy architecture,Romance,False,True,Western
Function-based eco-centric paradigm,Comedy,False,True,Musical
Enhanced foreground process improvement,Comedy,False,True,Animacion
Stand-alone uniform capability,Action,False,True,Historia
Organized zero tolerance Internet solution,Comedy,True,False,Western
User-friendly logistical frame,Action,True,False,Deporte
Multi-layered motivating array,Drama,True,False,Drama
Cloned fault-tolerant hub,Drama,True,False,Drama
Function-based asynchronous budgetary management,Sci-Fi,True,False,Documental
Enterprise-wide asymmetric adapter,Comedy,False,True,Musical
Reactive 4thgeneration approach,Sci-Fi,True,False,Historia
Assimilated zero-defect analyzer,Romance,False,True,Ciencia ficcion
Visionary impactful frame,Drama,False,True,Drama
Profound systematic project,Action,False,True,Deporte
Monitored hybrid forecast,Drama,False,True,Guerra
Assimilated human-resource strategy,Drama,False,True,Musical
Versatile responsive implementation,Drama,True,False,Ciencia ficcion
De-engineered analyzing success,Drama,False,True,Comedia
Cross-platform 5thgeneration forecast,Sci-Fi,False,True,Accion y aventuras
Persistent heuristic strategy,Sci-Fi,False,True,Western
Integrated 24hour adapter,Sci-Fi,True,False,Accion y aventuras
Reverse-engineered non-volatile support,Romance,True,False,Western
Right-sized uniform encoding,Romance,False,True,Accion y aventuras
Sharable dynamic Local Area Network,Sci-Fi,False,True,Deporte
Optimized motivating system engine,Action,True,False,Crimen
Intuitive national support,Comedy,True,False,Suspense
Right-sized needs-based middleware,Sci-Fi,True,False,Crimen
Front-line national data-warehouse,Sci-Fi,True,False,Guerra
User-centric multimedia concept,Sci-Fi,False,True,Drama
Organic systematic application,Sci-Fi,False,True,Accion y aventuras
Adaptive reciprocal contingency,Drama,True,False,Crimen
Reverse-engineered 5thgeneration groupware,Sci-Fi,True,False,Musical
Reduced value-added workforce,Comedy,True,False,Drama
Polarized next generation circuit,Drama,True,False,Historia
Sharable asynchronous info-mediaries,Romance,True,False,Accion y aventuras
Progressive actuating intranet,Action,True,False,Historia
Cloned foreground approach,Drama,False,True,Ciencia ficcion
Versatile cohesive portal,Sci-Fi,True,False,Accion y aventuras
Cloned neutral alliance,Romance,False,True,Animacion
Realigned zero-defect interface,Sci-Fi,False,True,Musical
Grass-roots well-modulated forecast,Comedy,False,True,Musical
Visionary full-range superstructure,Sci-Fi,False,True,Accion y aventuras
Quality-focused tangible budgetary management,Action,False,True,Deporte
Multi-lateral encompassing forecast,Romance,True,False,Familia
Intuitive encompassing challenge,Romance,False,True,Ciencia ficcion
Re-engineered background array,Romance,False,True,Guerra
Configurable transitional product,Action,True,False,Musical
Multi-layered bottom-line info-mediaries,Action,False,True,Documental
Operative bifurcated throughput,Romance,False,True,Historia
Advanced modular groupware,Comedy,True,False,Accion y aventuras
Pre-emptive multi-state benchmark,Romance,True,False,Familia
Universal bifurcated groupware,Sci-Fi,False,True,Suspense
Optional systemic standardization,Comedy,False,True,Crimen
Multi-tiered high-level architecture,Drama,False,True,Western
De-engineered modular system engine,Sci-Fi,False,True,Guerra
Down-sized multi-tasking Graphic Interface,Sci-Fi,True,False,Documental
Inverse analyzing help-desk,Romance,True,False,Historia
Cloned executive moratorium,Romance,True,False,Romance
Phased 24hour neural-net,Romance,True,False,Misterio
Networked directional product,Romance,False,True,Comedia
Future-proofed zero administration project,Sci-Fi,True,False,Familia
De-engineered systemic standardization,Drama,False,True,Romance
Mandatory zero administration implementation,Drama,False,True,Suspense
Re-engineered background array,Action,True,False,Deporte
Robust motivating array,Romance,False,True,Familia
Seamless bandwidth-monitored intranet,Action,True,False,Western
Triple-buffered actuating initiative,Action,False,True,Ciencia ficcion
Centralized client-server focus group,Drama,False,True,Familia
Profound hybrid capacity,Romance,True,False,Terror
Enhanced 3rdgeneration attitude,Action,False,True,Familia
Profit-focused 3rdgeneration open architecture,Romance,True,False,Romance
