start_node_id,end_node_id,properties.InterestLevel,properties.Date_Liked,properties.Comment
Charles Martinez,Elizabeth Thomas,1,15/01/1930,Impresionante actuacion
Peter Ibarra,Jennifer Garcia,3,15/08/1918,Excelente actuacion
Mary Stevens,Sandra Rodriguez,3,01/12/1907,Su presencia en pantalla fue cautivadora
Angela Myers,Sandra Rodriguez,1,06/12/2011,Su actuacion fue memorable
Brian Mckay,Patricia Clark,1,25/05/1997,Su actuacion fue memorable
Kimberly Harris,Richard Wilson,2,27/01/1955,Su interpretacion fue el punto clave que hizo que la pelicula fuera exitosa.
Brianna Robinson,Barbara Taylor,4,31/05/1980,Increible interpretacion
Gabrielle Morgan,Richard Lewis,2,09/03/1987,Una actuacion destacada
Gerald Gross,Thomas Lewis,5,31-2-1912,Increible interpretacion
Jerry Bowen,Linda Davis,4,31-9-2003,Muy talentoso en su papel
Ariana Cooke,Lisa Moore,4,19/10/1967,Su interpretacion fue el punto clave que hizo que la pelicula fuera exitosa.
Edward Perez,Anthony Miller,3,20/02/1918,Me encanto su actuacion
Ivan Carter,Charles Moore,4,22/03/1929,Una actuacion destacada
Brianna Robinson,Michael Thompson,2,16/07/1946,Gran trabajo
Christopher Jordan,Christopher Moore,3,21/04/1930,Su presencia en pantalla fue cautivadora
Nina Thomas,Joseph Martin,3,15/10/1924,Increible interpretacion
Connie Keller,Karen Rodriguez,1,30-2-1943,Destaco en cada escena
Matthew Gray,Barbara Jones,3,06/02/1957,Realmente se destaco en su papel
Ashley Anderson,David Brown,5,04/03/1964,Su talento es evidente en cada escena
Trevor Rogers,Anthony Thompson,2,18/10/1979,Su actuacion fue elogiada por su autenticidad y compromiso.
Angela Morris,Jennifer Wilson,4,22/05/1973,Realmente se destaco en su papel
Sara Hendricks,Christopher Smith,3,25/03/1909,Muy talentoso en su papel
Ashley Maldonado,James Williams,2,07/04/1963,Increible interpretacion
Natalie Keith,William Jones,2,22/04/1947,Una actuacion magistral
Jeffrey Vance,Susan Clark,4,02/12/1995,Una actuacion destacada
Jose Henry,Sandra Smith,2,19/06/1966,Fue un placer verlo actuar
Meagan Brown,Sandra Rodriguez,1,15/06/2009,Realmente se destaco en su papel
Thomas Hernandez,Mary Young,1,04/11/1997,Muy creible en su papel
Sarah Bryan,Robert White,3,03/08/2020,Muy creible en su papel
Jason Miller,Robert Hall,4,11/10/1904,Muy creible en su papel
Ryan Garcia,James Clark,2,27/07/2004,Brillante desempeno
Pamela Shaw,Mary Garcia,3,06/07/1994,Su talento es evidente en cada escena
Jacob Lam,Karen Lee,2,27/02/1902,Muy talentoso en su papel
Jessica Hall,Elizabeth Jones,4,01/08/1981,Muy talentoso en su papel
Logan Roberts,Linda Robinson,3,05/06/1977,Fue un placer verlo actuar
Michael Coleman,Michael Moore,2,26/07/1965,Gran trabajo
Zachary Castillo,Ashley Allen,4,16/02/1969,Su actuacion fue el corazon de la pelicula
Danny Barrera,Robert Miller,5,08/02/1960,Su talento es evidente en cada escena
Danny Murray,Charles Thompson,2,26/09/1962,Su talento es evidente en cada escena
Miranda Flores,Robert Jackson,5,01/08/1953,Realmente se destaco en su papel
Shirley David,John Brown,1,18/05/1979,Muy talentoso en su papel
Dennis Garcia,Richard Rodriguez,2,13/07/1925,Muy talentoso en su papel
Jesus Harris,David Davis,1,23/09/1978,Muy creible en su papel
Bonnie Hernandez,James Brown,3,28/08/1912,Impresionante actuacion
Miranda Swanson,James Hall,1,20/06/1941,Su actuacion fue memorable
Eddie Quinn,Jessica Moore,2,08/07/2002,Brillante desempeno
Michael Harrington,Elizabeth Anderson,2,06/09/1918,Muy creible en su papel
Wendy Castro,Patricia Brown,5,29/10/1988,Una actuacion destacada
Christopher Williams,Robert Walker,3,20/12/1953,Su actuacion fue elogiada por su autenticidad y compromiso.
Timothy Price,Elizabeth Thomas,3,29/05/1945,Fue un placer verlo actuar
Nicole Schultz,Jennifer Davis,2,01/08/1913,Muy talentoso en su papel
Eduardo Hutchinson,Patricia Harris,4,20/02/2002,Su actuacion fue elogiada por su autenticidad y compromiso.
Tammy Estes,Barbara Garcia,1,23/03/2003,Una actuacion magistral
Julie Reyes,Jessica Clark,5,14/03/1916,Una actuacion destacada
Keith Sutton,Mary Thompson,3,30/11/1980,Excelente actuacion
Joseph Valentine,Jennifer Brown,1,07/10/1976,Muy talentoso en su papel
Jessica Bowen,Jessica Harris,2,12/12/1931,Brillante desempeno
Mr. Marco Burnett Jr.,David Lee,4,12/09/1935,Impresionante actuacion
Thomas Anderson,Mark Lee,2,06/04/1969,Impresionante actuacion
Samuel Robinson,Margaret Harris,2,05/02/1916,Impresionante actuacion
Kaitlyn Hess,Thomas Miller,1,21/08/1912,Una actuacion destacada
Amy Cortez,Sarah Walker,2,03/12/1949,Su actuacion fue elogiada por su autenticidad y compromiso.
Bryan Heath,Jennifer Hernandez,1,22/12/1996,Muy creible en su papel
Angel Arnold,Daniel Lee,3,25/06/1903,Fue un placer verlo actuar
Brian Butler,Lisa Thompson,4,24/08/1915,Destaco en cada escena
Sean Ayala,Joseph Thomas,5,06/04/1910,Muy creible en su papel
Joshua Young,Christopher Allen,3,16/09/1954,Su presencia en pantalla fue cautivadora
David Ayala,Nancy Harris,4,15/04/2012,Destaco en cada escena
Melanie Carroll,William Thomas,1,31/07/1918,Una actuacion destacada
Tammy Owens,Nancy Clark,3,03/11/1976,Me encanto su actuacion
Joshua West,John Jackson,1,04/05/1972,Su actuacion fue elogiada por su autenticidad y compromiso.
Kelli Collins,Christopher Miller,1,24/12/1911,Muy convincente en su interpretacion
Krystal Gibson MD,Thomas Brown,5,20/01/1926,Su actuacion fue el corazon de la pelicula
Katrina Curtis,Jessica Jackson,5,24/04/1989,Gran trabajo
Christina Morgan,David Thompson,1,03/03/1910,Su presencia en pantalla fue cautivadora
Christine Delgado MD,Anthony Miller,5,07/11/1977,Me encanto su actuacion
Jennifer Henry,Matthew Rodriguez,2,03/05/1937,Muy creible en su papel
Jeremy Collins,John Jackson,3,23/04/1937,Realmente se destaco en su papel
Jessica Jones,Charles Jackson,2,14/07/1931,Su presencia en pantalla fue cautivadora
Christina Nelson,Jennifer Miller,1,25/02/1948,Brillante desempeno
Thomas Harrell,Patricia Harris,5,15/06/1983,Su actuacion fue elogiada por su autenticidad y compromiso.
Brandi Reyes,Karen Garcia,5,18/12/1990,Realmente se destaco en su papel
Danny Lopez,Christopher Wilson,1,30/12/2017,Muy creible en su papel
Lisa Zhang,James Robinson,2,09/01/1986,Muy convincente en su interpretacion
Sabrina Rodriguez,Mary Thompson,4,04/05/1995,Su actuacion fue memorable
Jose Hanna,Joseph Williams,1,15/12/1909,Su presencia en pantalla fue cautivadora
John Harper,James Hall,5,29/01/1920,Su actuacion fue memorable
Cody Martinez,James Moore,3,01/01/1911,Muy creible en su papel
Matthew Davis,Lisa Smith,3,14/05/2007,Su talento es evidente en cada escena
Gregg Molina,Sarah Jackson,5,16/05/1970,Muy convincente en su interpretacion
Justin Christian,John Young,5,12/11/2020,Una actuacion magistral
Deanna Jenkins,Patricia Harris,5,19/12/1920,Realmente se destaco en su papel
Haley Castillo,Christopher Martin,5,25/08/1915,Su actuacion fue elogiada por su autenticidad y compromiso.
Robert Travis,Joseph Thomas,5,20/02/1939,Destaco en cada escena
Crystal Massey,Sandra Davis,4,19/01/2015,Muy talentoso en su papel
Debra Vazquez DDS,Sarah Martin,2,01/09/1931,Excelente actuacion
Jose Knapp,James Thomas,2,25/11/1983,Me encanto su actuacion
Eric Maxwell,Ashley Thomas,3,22/09/1973,Muy creible en su papel
Cory Brown,Michael Allen,1,09/12/1935,Destaco en cada escena
William Perry,Mary Anderson,5,15/10/1946,Increible interpretacion
Phillip Anderson,Christopher Clark,1,06/02/1925,Su presencia en pantalla fue cautivadora
Katrina Vaughn,Robert Clark,4,31/05/1946,Su actuacion fue elogiada por su autenticidad y compromiso.
David Rodriguez,Mary Miller,4,16/02/2004,Muy convincente en su interpretacion
Connie Allen,Michael Walker,2,13/04/1963,Destaco en cada escena
Lauren Ball,Margaret Johnson,5,18/09/1937,Muy creible en su papel
Richard Nguyen,Lisa Hall,2,20/09/1908,Su presencia en pantalla fue cautivadora
Sandra Dixon,John Brown,1,29/03/2002,Excelente actuacion
Erin Jacobs,Sarah Robinson,5,22/06/1982,Su actuacion fue elogiada por su autenticidad y compromiso.
Dr. Jennifer Torres PhD,Charles Davis,2,28/10/1984,Realmente se destaco en su papel
Dennis Garcia,Ashley Taylor,1,11/05/1942,Brillante desempeno
Kristin Aguilar,William Clark,3,21/11/1978,Realmente se destaco en su papel
Cole Stout,Anthony Davis,1,02/10/1933,Increible interpretacion
Cheryl Rios,Elizabeth Thomas,2,20/12/1942,Muy convincente en su interpretacion
Brenda Cruz,Karen White,4,16/05/1917,Brillante desempeno
Gregory Williams,Mary Walker,1,02/09/1973,Su actuacion fue el corazon de la pelicula
Sabrina Rodriguez,Mark Walker,3,30/10/2007,Muy creible en su papel
Kristina Morgan,Joseph Jones,5,04/09/1993,Su actuacion fue memorable
Katie Martin,Mark White,4,31/03/1967,Gran trabajo
Chelsea Zimmerman,Susan Harris,1,25/05/1947,Muy convincente en su interpretacion
Brianna Robinson,John Lewis,5,04/07/1976,Su actuacion fue memorable
Eric Oliver,David Smith,4,23/10/1977,Fue un placer verlo actuar
Kari Haas,Mary Brown,5,27/10/1992,Una actuacion destacada
Jonathan Fernandez,Matthew Davis,2,10/09/1943,Una actuacion magistral
Robert Santana,Karen Allen,5,27/02/2000,Fue un placer verlo actuar
Theodore Lee,Richard Miller,3,09/04/2003,Su interpretacion fue el punto clave que hizo que la pelicula fuera exitosa.
Kelsey Williams,Charles Lee,5,04/11/2002,Muy convincente en su interpretacion
Sarah Brown,Mary Brown,4,26/04/1946,Una actuacion destacada
Rebekah Miller,Mary Anderson,3,30/09/1961,Destaco en cada escena
Ricardo Schaefer,Thomas Robinson,5,04/03/1938,Excelente actuacion
Jamie Smith,Daniel Johnson,2,15/11/1999,Su actuacion fue elogiada por su autenticidad y compromiso.
Heather Goodman,Mark Taylor,1,08/12/1986,Destaco en cada escena
Lori Murphy,Nancy Thompson,1,26/10/1997,Destaco en cada escena
Connor Rose,John Robinson,3,09/11/1963,Me encanto su actuacion
Kimberly Mcdaniel,Richard Martinez,5,09/07/1963,Su presencia en pantalla fue cautivadora
Amy Walker,Sandra Smith,5,25/06/2001,Increible interpretacion
Robert Kent,Christopher Young,1,11/11/1953,Fue un placer verlo actuar
Daniel Heath,Anthony Johnson,2,29/08/1916,Me encanto su actuacion
Nicole Henderson,David Thompson,3,24/10/1977,Increible interpretacion
Billy Hernandez,David Williams,4,23/06/1909,Su actuacion fue memorable
Karen Owens,Thomas Taylor,2,07/01/1968,Realmente se destaco en su papel
Jeremiah Allen,Elizabeth Thomas,3,03/04/1981,Una actuacion destacada
Kelli Collins,James Brown,3,24/08/1908,Su interpretacion fue el punto clave que hizo que la pelicula fuera exitosa.
Tanya Goodwin,Margaret Lee,5,30/01/1966,Una actuacion magistral
Bridget White,Mark Young,4,01/12/1954,Destaco en cada escena
Derek Cannon,Patricia Williams,1,31/01/1992,Muy talentoso en su papel
Andrea Miller,David Garcia,2,30/12/1942,Su interpretacion fue el punto clave que hizo que la pelicula fuera exitosa.
Patrick Thompson,Jennifer Davis,3,18/08/1930,Increible interpretacion
Amanda May PhD,Robert Martinez,1,09/12/1984,Fue un placer verlo actuar
Christopher Haynes,James Lee,2,06/05/2003,Una actuacion destacada
Shelley Smith,Lisa Thomas,3,29/11/1980,Impresionante actuacion
Kayla Keller,Sarah Thompson,3,24/04/1959,Su presencia en pantalla fue cautivadora
Mark Roman II,Michael Martinez,4,24/05/1946,Muy talentoso en su papel
Luis Miranda,Nancy Clark,3,25/01/1939,Gran trabajo
Laura Hayes,Barbara Hall,5,05/05/1998,Su actuacion fue elogiada por su autenticidad y compromiso.
Ashley Moore,John Hernandez,1,24/08/2009,Su actuacion fue memorable
Heather Crawford,Barbara Davis,3,17/09/1973,Muy talentoso en su papel
Paula Ali,Karen Thomas,4,27/07/1955,Muy talentoso en su papel
Julie Hughes,William Hall,4,09/06/1945,Increible interpretacion
Jonathan Fernandez,Barbara Smith,1,10/02/1981,Fue un placer verlo actuar
Joshua Gutierrez,Margaret Jackson,2,18/08/1990,Me encanto su actuacion
Christopher Bass,Barbara Brown,2,29/03/2004,Impresionante actuacion
Meagan Clark,Richard Lewis,4,12/09/1958,Impresionante actuacion
Roger Wright,Joseph Martin,2,19/08/1990,Increible interpretacion
Nicole Watson,Margaret Hall,5,19/07/2001,Su actuacion fue el corazon de la pelicula
Amy Pitts,James Moore,3,11/01/1920,Su actuacion fue elogiada por su autenticidad y compromiso.
Denise Krueger,Mary Lewis,1,15/05/1907,Realmente se destaco en su papel
Angel Galvan,Jessica Anderson,5,11/08/1994,Su actuacion fue elogiada por su autenticidad y compromiso.
Marcus Harris,Richard Harris,2,02/04/1901,Su actuacion fue el corazon de la pelicula
Mariah Brown,Jessica Anderson,2,07/03/1960,Brillante desempeno
Michelle Spencer,Christopher Allen,3,02/11/2013,Su actuacion fue memorable
Brandon Douglas,Mary Allen,4,17/10/1978,Me encanto su actuacion
John Doe,Patricia Harris,2,24/07/1920,Su actuacion fue memorable
Renee Woodward,Nancy Moore,4,22/07/1953,Excelente actuacion
Bryan Parks,John Hernandez,5,29/10/1907,Muy talentoso en su papel
Gina Proctor,Charles Hernandez,1,08/02/1954,Realmente se destaco en su papel
Troy Zamora,Matthew Rodriguez,5,04/06/1928,Su actuacion fue elogiada por su autenticidad y compromiso.
Jamie Medina,William Moore,5,09/02/1994,Brillante desempeno
Tiffany Marks,Anthony Anderson,5,01/06/1983,Su actuacion fue elogiada por su autenticidad y compromiso.
Marc Thomas,Anthony Rodriguez,4,09/06/1981,Impresionante actuacion
Cindy Dunn,Jessica Thomas,1,18/10/1958,Me encanto su actuacion
William Mathis,Mark Young,1,14/01/1945,Me encanto su actuacion
Keith Lynn,Michael Moore,4,18/02/2010,Una actuacion magistral
Ethan Richards,Anthony Hernandez,4,18/02/2014,Excelente actuacion
Patricia Flowers,Robert Robinson,3,15/03/1912,Realmente se destaco en su papel
Dr. Robert Russell,James White,4,20/02/1937,Realmente se destaco en su papel
Angela Nichols,David Lee,4,31-2-2008,Muy convincente en su interpretacion
Eric Ramsey,Ashley Lee,3,09/11/1990,Una actuacion magistral
Megan Harmon,Karen Lewis,2,08/06/1953,Gran trabajo
Mariah Kemp,Margaret Robinson,3,28/12/2010,Muy convincente en su interpretacion
Amy Norman,Charles Martinez,2,21/10/1973,Destaco en cada escena
Dana Melton,Mark Johnson,1,11/09/1919,Excelente actuacion
Shannon Watson,David Williams,2,01/03/1926,Impresionante actuacion
Audrey Avery,Thomas Jackson,1,29/10/1922,Muy creible en su papel
Robert Myers,James Hall,2,07/10/1914,Gran trabajo
Gabrielle Hopkins,Margaret Lewis,1,23/04/1968,Excelente actuacion
Tracy Wolf,Jessica Martin,2,16/11/1939,Una actuacion destacada
Michael Green,Robert Wilson,1,31-11-1929,Su actuacion fue memorable
Karen Brown,Richard Hall,4,13/09/2012,Su actuacion fue memorable
Michael Moore,Charles Thomas,5,26/07/2002,Su actuacion fue el corazon de la pelicula
Lacey Evans,Sandra Taylor,3,21/10/2013,Una actuacion magistral
Dr. Jonathan Baxter,Thomas Johnson,4,31/10/1965,Su interpretacion fue el punto clave que hizo que la pelicula fuera exitosa.
Krystal Weeks DDS,Karen Thomas,3,24/10/1923,Realmente se destaco en su papel
Sandra Krause,Susan Hernandez,4,12/07/1973,Excelente actuacion
Jasmine Garza,John Allen,3,04/09/1946,Una actuacion magistral
Joshua Hamilton,Mary Lewis,4,19/08/1924,Gran trabajo
Brittany Jones,Patricia Lewis,5,11/03/1998,Muy creible en su papel
Jessica Watson,Ashley Thompson,2,17/11/1953,Realmente se destaco en su papel
Kaitlyn Martin,Patricia Clark,4,17/03/1977,Destaco en cada escena
Micheal Cook,Linda Miller,4,20/12/1939,Muy creible en su papel
Cindy Ross,Robert White,5,17/07/1953,Su actuacion fue memorable
Robert Leon,Lisa Lee,3,02/10/2010,Una actuacion destacada
Gabrielle Hopkins,Sarah Walker,3,30/12/1928,Su presencia en pantalla fue cautivadora
Cheryl Garcia,James Robinson,5,14/04/1935,Su presencia en pantalla fue cautivadora
Alison Miller,Matthew Brown,4,08/03/1910,Increible interpretacion
Tracey Jones,Jennifer Martinez,5,09/08/1935,Gran trabajo
Heidi Figueroa,Sarah Johnson,2,02/06/1935,Su actuacion fue elogiada por su autenticidad y compromiso.
Alex Blackburn,Richard Garcia,5,27/05/1941,Una actuacion magistral
Jacob Butler,Linda Moore,3,30/10/1932,Una actuacion magistral
Melissa Butler,Thomas Robinson,4,31-11-1993,Fue un placer verlo actuar
Cathy Vasquez,William Brown,5,26/05/1989,Muy convincente en su interpretacion
Douglas Thomas,Jessica Thompson,4,27/09/2017,Muy creible en su papel
Michael Gutierrez,Mark Lee,5,31-9-1957,Su actuacion fue memorable
Connie Johnson,Ashley Allen,1,22/05/1992,Muy talentoso en su papel
Vanessa Campbell,Thomas Taylor,4,16/09/1995,Su actuacion fue el corazon de la pelicula
Andrew Patterson,Matthew Smith,1,28/02/1995,Gran trabajo
Katie Decker,Sarah Clark,1,28/04/1914,Fue un placer verlo actuar
James King,Charles Harris,4,19/04/1956,Muy talentoso en su papel
John Harris,John Hernandez,1,18/09/1983,Gran trabajo
Christopher Boone,Elizabeth Anderson,3,02/06/2012,Destaco en cada escena
Martha Rose,Michael Allen,2,09/01/1967,Una actuacion magistral
Michael Webb,Christopher Rodriguez,2,11/05/1920,Gran trabajo
Todd Wells,Richard Robinson,2,16/12/1987,Excelente actuacion
Roger Johnson,Karen Thomas,5,05/02/2019,Realmente se destaco en su papel
Kristi Long,Elizabeth Martin,4,12/06/1949,Increible interpretacion
Carmen Castillo,James Thompson,4,11/03/2015,Gran trabajo
Emily Wu,Mark Young,5,28/09/1915,Una actuacion magistral
Michele Davis,Joseph Brown,4,22/09/2015,Destaco en cada escena
Ronald Reynolds,James Brown,2,30/05/2015,Su actuacion fue memorable
Kevin Ross,William Walker,5,24/05/1931,Muy talentoso en su papel
Angela Whitney,Anthony Williams,5,31-6-1922,Increible interpretacion
Maria Aguilar,Margaret Brown,3,28/05/1950,Su actuacion fue elogiada por su autenticidad y compromiso.
Jessica Watson,Matthew Clark,2,20/07/1992,Una actuacion destacada
Heidi Figueroa,Sarah Anderson,1,17/03/1934,Brillante desempeno
Doris Ortega,Robert Smith,5,15/09/1979,Increible interpretacion
Lisa Owens,Linda Garcia,2,06/05/1972,Una actuacion destacada
Nichole Arroyo,Charles Martinez,4,04/10/1907,Una actuacion destacada
Erin Dawson,William Martinez,4,08/01/1979,Muy creible en su papel
Melissa Deleon,Jessica Rodriguez,5,23/06/1905,Brillante desempeno
Casey Padilla,Christopher Wilson,5,16/03/2020,Una actuacion magistral
Heather Blake,Daniel Smith,3,16/02/1909,Excelente actuacion
Felicia Garcia,Anthony Taylor,1,01/09/1995,Su actuacion fue memorable
Stephen Cruz,John Hall,5,26/10/1960,Su actuacion fue memorable
Courtney Johnson,Mark Rodriguez,1,11/04/1945,Me encanto su actuacion
Joseph Sanchez,Patricia Anderson,2,31/05/1948,Realmente se destaco en su papel
Brian Williams,Jennifer Garcia,1,12/09/2011,Su presencia en pantalla fue cautivadora
Chelsea Walls,Michael Thompson,1,24/07/2011,Su interpretacion fue el punto clave que hizo que la pelicula fuera exitosa.
Miguel Jacobs,Richard Davis,3,01/07/1955,Realmente se destaco en su papel
Nicole Schultz,Richard Miller,2,26/08/1991,Increible interpretacion
Donna Daniel,Robert Harris,2,11/05/1999,Realmente se destaco en su papel
Shelley Johnson,Thomas Johnson,1,05/03/1951,Gran trabajo
Todd Rios,Barbara Moore,4,25/12/1980,Su actuacion fue elogiada por su autenticidad y compromiso.
Jamie Smith,Susan Moore,4,13/09/1959,Fue un placer verlo actuar
Robert Leon,Sarah Garcia,5,09/06/2018,Excelente actuacion
Alexandra Aguilar,John Robinson,2,05/08/1916,Muy creible en su papel
Mrs. Julia Osborne,Nancy Thompson,1,07/04/1964,Excelente actuacion
Melissa Johnson,David Brown,2,05/08/1934,Su actuacion fue memorable
Wanda Cruz,Jessica Lee,5,29/04/1946,Su talento es evidente en cada escena
Lisa Lewis,William Wilson,4,28/04/1990,Me encanto su actuacion
Christine Cruz,Lisa Thompson,5,11/06/2017,Increible interpretacion
Karen Owens,Charles Brown,2,01/03/1975,Excelente actuacion
Adam Frank,Christopher Martin,1,21/04/1957,Su talento es evidente en cada escena
Emily Paul,William Robinson,1,20/06/1996,Brillante desempeno
Cory Jefferson,Jessica Hernandez,5,12/01/1991,Muy creible en su papel
Billy Rhodes,Thomas Jackson,2,25/10/1921,Brillante desempeno
Angela Wilkins,Elizabeth Anderson,4,26/06/1988,Excelente actuacion
Tony Taylor,Anthony Hall,5,20/05/1980,Muy creible en su papel
Jessica Cruz DVM,David Thomas,5,15/02/1920,Impresionante actuacion
Max Charles,Mark Lewis,2,09/07/1929,Me encanto su actuacion
Matthew Davis,Richard Davis,5,09/11/1986,Una actuacion magistral
Mark Smith,Charles Anderson,4,19/06/1975,Muy creible en su papel
Elizabeth Fernandez MD,Margaret Wilson,4,03/12/1923,Su actuacion fue memorable
Cindy Dunn,Richard Davis,5,20/07/1962,Brillante desempeno
Autumn Strong,David Jackson,4,08/06/2003,Muy talentoso en su papel
Audrey Avery,Karen Williams,1,26/06/1940,Me encanto su actuacion
Joseph Ramirez,Ashley Hernandez,3,14/01/1938,Fue un placer verlo actuar
Michael Green,Christopher Lee,1,30/04/1975,Su presencia en pantalla fue cautivadora
Michael Bray,Sarah Wilson,1,12/08/1925,Su actuacion fue memorable
Christopher Bass,Robert White,2,27/10/1940,Gran trabajo
Laura Myers,James Lewis,1,05/10/1955,Brillante desempeno
Michael Jacobs,Elizabeth Miller,4,11/07/1948,Su talento es evidente en cada escena
Elizabeth Miller,Mark Lee,2,03/08/1948,Su interpretacion fue el punto clave que hizo que la pelicula fuera exitosa.
Shannon Smith,Nancy Rodriguez,3,24/05/1961,Su presencia en pantalla fue cautivadora
Lauren Pham,Ashley Lee,2,12/11/1904,Muy convincente en su interpretacion
John Garrett,Elizabeth Robinson,5,07/06/1989,Fue un placer verlo actuar
Eric Wood,Jessica Allen,4,29/09/1925,Me encanto su actuacion
Cindy Wilson,Matthew Robinson,1,19/10/1924,Muy convincente en su interpretacion
Vincent Mcfarland,Robert Lee,1,24/07/1947,Muy creible en su papel
Hannah Powell,Susan Robinson,2,19/05/1971,Su actuacion fue elogiada por su autenticidad y compromiso.
Dr. Zachary Jimenez,Michael Jackson,2,25/07/1949,Su actuacion fue el corazon de la pelicula
Patricia Luna,James Hernandez,3,28/03/1971,Su actuacion fue elogiada por su autenticidad y compromiso.
Daniel Franklin,Linda Hall,3,18/11/1965,Su interpretacion fue el punto clave que hizo que la pelicula fuera exitosa.
Emily Bush,Susan White,3,16/09/2018,Brillante desempeno
Todd Small,Ashley Thomas,3,05/02/1948,Su actuacion fue el corazon de la pelicula
Carrie Tucker,Anthony Robinson,1,30/07/1928,Una actuacion magistral
Benjamin Hawkins,Joseph Taylor,5,02/07/2019,Su actuacion fue memorable
Timothy Cooper,Sandra Hall,2,08/07/1999,Excelente actuacion
Carla Luna,Mark Harris,3,23/03/1990,Su talento es evidente en cada escena
Ryan Shepard,Robert Harris,5,21/07/1996,Excelente actuacion
Robert Richardson,Robert Miller,5,30/04/1986,Gran trabajo
Cristina Ramirez,James Harris,5,06/09/1960,Muy creible en su papel
Ian Schwartz,Charles Anderson,5,07/01/1942,Impresionante actuacion
Randy Price,Charles Thomas,5,16/03/2000,Realmente se destaco en su papel
Katelyn Simmons,Susan Johnson,3,10/05/1918,Su interpretacion fue el punto clave que hizo que la pelicula fuera exitosa.
Jeffrey Wilkins,Anthony Robinson,2,07/10/1914,Excelente actuacion
Christian Jackson,Barbara Robinson,1,20/08/1980,Una actuacion magistral
Nicholas Smith,Elizabeth Taylor,1,27/07/1933,Muy creible en su papel
Caleb Wood,Mark Lee,4,27/04/1917,Impresionante actuacion
Andrea Byrd,Sarah Johnson,5,31/12/1990,Muy convincente en su interpretacion
Julie Lewis,Richard Clark,1,30/05/1980,Realmente se destaco en su papel
Valerie Carter,Lisa Thomas,1,23/02/1993,Fue un placer verlo actuar
Margaret Wyatt,Sarah Davis,2,13/05/1957,Gran trabajo
Vanessa Cole,Christopher Martin,5,08/02/1901,Su interpretacion fue el punto clave que hizo que la pelicula fuera exitosa.
Lori Henderson,Jessica Hall,1,05/04/1938,Muy talentoso en su papel
Margaret Briggs,Margaret Martinez,2,21/12/1982,Fue un placer verlo actuar
Crystal Wilson,Christopher Robinson,2,05/07/1909,Su talento es evidente en cada escena
Pam Gardner,John White,2,30/08/1951,Destaco en cada escena
Daniel Moore,Lisa Hernandez,2,11/04/1972,Increible interpretacion
Cindy Ross,David Martinez,2,18/08/2003,Fue un placer verlo actuar
Edward Perez,Michael Clark,5,24/07/1937,Excelente actuacion
Robert Travis,Ashley Wilson,3,11/06/1992,Muy convincente en su interpretacion
Melissa Maddox,Anthony Harris,3,31-2-1941,Su talento es evidente en cada escena
Cynthia Parsons,Susan Rodriguez,5,30/12/1993,Impresionante actuacion
Michael Munoz,John Harris,1,14/11/1959,Excelente actuacion
William Perry,Barbara Martinez,2,09/07/1963,Muy creible en su papel
Lauren Hunter,David Garcia,2,30/09/2019,Muy convincente en su interpretacion
Samantha Moore,James Jones,3,30/12/2008,Muy convincente en su interpretacion
Valerie Myers,Lisa Lee,2,29/07/1946,Una actuacion magistral
Benjamin Hawkins,Patricia Williams,1,07/04/1925,Una actuacion destacada
Joshua Park,Margaret Harris,5,19/09/1977,Muy talentoso en su papel
Marisa Martinez,Christopher Taylor,3,06/01/1915,Su presencia en pantalla fue cautivadora
Leah Wyatt,Robert Miller,2,20/05/2020,Su interpretacion fue el punto clave que hizo que la pelicula fuera exitosa.
Morgan Pacheco,Richard Davis,4,25/07/1989,Brillante desempeno
Mary Stevens,James Brown,2,05/05/1943,Excelente actuacion
Ryan Campbell III,John Allen,2,23/06/1985,Muy talentoso en su papel
Linda Aguirre,Charles Jackson,1,30/01/1959,Una actuacion destacada
Kevin Dudley,Jessica Hall,3,24/04/1957,Muy convincente en su interpretacion
Edward Dodson,Joseph Martin,2,26/06/1918,Brillante desempeno
Carol Bell,John Walker,2,16/07/1972,Fue un placer verlo actuar
Michael Davis,Barbara Hall,5,06/02/1958,Su presencia en pantalla fue cautivadora
Cristina Ramirez,Jennifer Rodriguez,2,08/11/1937,Muy talentoso en su papel
Lisa Thomas,Richard Garcia,1,19/07/1944,Me encanto su actuacion
Carmen Castillo,Christopher Allen,2,15/06/1982,Una actuacion destacada
Terry Mooney,William Williams,1,04/07/1944,Su actuacion fue memorable
Trevor Sanchez,John Williams,5,09/10/1925,Impresionante actuacion
Lisa Howard,Jessica Lewis,2,02/01/2003,Su talento es evidente en cada escena
Sara Andrews,Linda Clark,4,06/04/1950,Una actuacion destacada
Ashley Walker,Susan Walker,2,11/07/1950,Increible interpretacion
Amy Crawford,Jessica Hernandez,3,01/11/1993,Realmente se destaco en su papel
Kayla Adams,Margaret Johnson,3,10/06/1966,Su actuacion fue el corazon de la pelicula
Susan Wilson,William Rodriguez,3,26/06/1989,Increible interpretacion
Dr. Zachary Jimenez,Susan Davis,4,02/05/1988,Su talento es evidente en cada escena
Matthew Patel Jr.,Anthony Martinez,4,17/01/2017,Su presencia en pantalla fue cautivadora
Lisa Zhang,Nancy Walker,5,23/06/1926,Muy convincente en su interpretacion
Jonathan Clarke,John Brown,4,18/09/2008,Impresionante actuacion
Brandon Miller,Sarah Walker,1,22/06/1915,Su presencia en pantalla fue cautivadora
Marcus Nichols,Patricia Wilson,4,01/09/1902,Fue un placer verlo actuar
Adam Smith,Nancy Lee,5,04/03/1937,Me encanto su actuacion
Johnny Spears,Sandra Martin,4,02/09/2016,Muy creible en su papel
Jacob Butler,James Miller,2,03/04/1914,Su actuacion fue el corazon de la pelicula
Glenn Chapman,Richard Clark,5,14/10/1970,Su presencia en pantalla fue cautivadora
Timothy Richardson,Jennifer Williams,3,05/12/1941,Realmente se destaco en su papel
David Peterson,Barbara Brown,2,04/07/1978,Impresionante actuacion
Daniel Sparks,Mark Taylor,1,28/04/1928,Su talento es evidente en cada escena
Michael Ramirez,Thomas Thompson,2,06/05/1976,Su presencia en pantalla fue cautivadora
Jonathan Clarke,Mary Walker,4,01/10/1998,Su actuacion fue elogiada por su autenticidad y compromiso.
Kristina Hale,Charles Lewis,3,18/01/1975,Su interpretacion fue el punto clave que hizo que la pelicula fuera exitosa.
Mark Roman II,Anthony Martinez,4,17/01/1982,Su actuacion fue elogiada por su autenticidad y compromiso.
Grant Crane,Sandra Taylor,4,20/06/1995,Increible interpretacion
Micheal Jimenez,Sarah Harris,1,10/11/2005,Fue un placer verlo actuar
Wendy Dyer,John Allen,4,23/01/1954,Su talento es evidente en cada escena
Haley Griffin,Daniel Jones,3,08/06/1927,Una actuacion magistral
Alisha Franklin,John Brown,3,11/08/1907,Realmente se destaco en su papel
Miranda Guzman,Ashley Jackson,5,19/07/1964,Muy talentoso en su papel
Kara Boyle,Patricia Clark,4,22/06/2007,Una actuacion destacada
Jordan Gonzalez,Thomas Miller,3,17/10/1999,Su interpretacion fue el punto clave que hizo que la pelicula fuera exitosa.
Lisa Cervantes,Charles Lee,2,25/10/1976,Increible interpretacion
Jessica Phillips,Daniel Jackson,1,02/07/2005,Una actuacion magistral
Luis Meza,Jessica Thomas,1,17/06/1999,Brillante desempeno
Corey Brown DVM,Lisa Brown,4,15/10/1944,Gran trabajo
Oscar Payne,Sarah White,2,13/11/1917,Gran trabajo
Michelle Scott,Charles Clark,2,02/02/1957,Fue un placer verlo actuar
Valerie Carter,Thomas Anderson,5,25/12/1927,Fue un placer verlo actuar
Allen James,Richard Harris,3,28/11/1971,Muy creible en su papel
Nicole Schultz,John Thomas,3,02/02/1979,Me encanto su actuacion
Sara Lamb,Susan Hall,4,05/06/1994,Su presencia en pantalla fue cautivadora
Randy Deleon,John Harris,4,03/06/2020,Su talento es evidente en cada escena
Nicole Cox,Sarah Allen,5,09/09/1949,Su actuacion fue el corazon de la pelicula
Paula Ali,Linda Walker,4,12/03/2010,Gran trabajo
Timothy Price,Lisa Moore,3,29/05/1951,Impresionante actuacion
Heidi Figueroa,Ashley Thompson,1,16/08/1967,Su talento es evidente en cada escena
Ashley Carter,Anthony Brown,2,13/05/1934,Brillante desempeno
Samantha Moore,Barbara Jones,5,15/10/1980,Una actuacion magistral
Sarah Morrow,Jessica Smith,5,26/11/1937,Realmente se destaco en su papel
Michelle Roberts,Charles Jones,2,08/10/1907,Su interpretacion fue el punto clave que hizo que la pelicula fuera exitosa.
Richard West,Thomas Wilson,3,22/05/1906,Brillante desempeno
Danielle Williams,Margaret Miller,5,01/04/2011,Fue un placer verlo actuar
Joshua Burns,Susan Walker,2,08/08/2001,Muy creible en su papel
Jillian Payne,Jessica Allen,3,15/06/1974,Su actuacion fue el corazon de la pelicula
Lisa Howard,Elizabeth Jones,3,10/01/2011,Una actuacion destacada
Michael Jacobs,Mary Young,3,29/03/1975,Su talento es evidente en cada escena
Richard Murray,Christopher Clark,5,23/02/1940,Muy creible en su papel
Robyn Johnson,Anthony Martinez,4,07/08/1918,Muy creible en su papel
Michelle Johnson,Karen White,2,03/11/1996,Su actuacion fue el corazon de la pelicula
Dr. Nicole Hughes MD,Joseph Thomas,4,30/04/1987,Gran trabajo
Paul Sanchez,Charles Lewis,2,09/09/1946,Una actuacion destacada
Justin Christian,John Garcia,5,30/01/1983,Impresionante actuacion
Heather Morris,Margaret Young,5,19/12/1973,Gran trabajo
Joshua Silva,Susan Hall,5,05/01/1987,Fue un placer verlo actuar
Angela Rogers,James Lewis,3,04/03/1942,Muy creible en su papel
Andrea Miller,Sandra Thompson,3,07/10/1996,Su interpretacion fue el punto clave que hizo que la pelicula fuera exitosa.
Mr. David Peterson,Thomas Hall,3,15/12/2020,Gran trabajo
Mark Fuentes,John Hernandez,2,28/07/1936,Impresionante actuacion
Tracy Fox,Linda Harris,1,04/08/2017,Su actuacion fue el corazon de la pelicula
Jeffrey Armstrong,Robert Jones,1,21/11/1957,Su talento es evidente en cada escena
Amanda Rivera MD,Christopher Martin,2,16/03/2007,Su actuacion fue el corazon de la pelicula
Mr. Shawn Patrick,Michael Clark,1,24/02/1978,Realmente se destaco en su papel
Jean Beltran,Robert Lee,5,29/11/2017,Su talento es evidente en cada escena
David Ayala,Barbara Hall,4,17/09/1983,Impresionante actuacion
Mindy Stevens,Thomas Thompson,5,31-11-1910,Gran trabajo
Miss Nicole Fleming,Nancy Thompson,3,22/07/1939,Muy creible en su papel
Robert Santana,John Miller,1,01/11/2017,Una actuacion destacada
John Campbell,William Rodriguez,1,25/03/1905,Su actuacion fue el corazon de la pelicula
Tabitha Arroyo,Elizabeth Martin,1,29/10/1972,Me encanto su actuacion
Douglas Thomas,John Smith,3,06/07/2010,Su actuacion fue memorable
Christopher Christian,Mary Jackson,4,17/07/2018,Su interpretacion fue el punto clave que hizo que la pelicula fuera exitosa.
Michelle Bender,Thomas Rodriguez,2,02/01/1982,Me encanto su actuacion
Emily Carrillo,Patricia Clark,3,31-4-2006,Increible interpretacion
Megan Vasquez,Linda Hall,1,03/04/1986,Realmente se destaco en su papel
Austin Morris,Mark Martin,3,23/06/1902,Me encanto su actuacion
Audrey Avery,Sarah Martin,1,10/07/1940,Destaco en cada escena
Anthony Singh,David Brown,1,01/06/1994,Muy convincente en su interpretacion
Julie Hayden,Charles Robinson,4,21/08/1928,Me encanto su actuacion
Anthony Hicks,Thomas Moore,4,07/04/1910,Me encanto su actuacion
Courtney Cruz,Anthony Davis,1,20/11/1952,Su actuacion fue memorable
Larry Espinoza,Sarah Garcia,4,11/03/1959,Fue un placer verlo actuar
Nicolas Jenkins,Barbara Martinez,1,31-11-1929,Su actuacion fue memorable
Matthew Moore,William Hall,3,09/02/1987,Fue un placer verlo actuar
Heidi Martin,Patricia White,1,05/10/1928,Excelente actuacion
Tammy Owens,Mark Lewis,3,11/06/1994,Muy creible en su papel
Jacob Harris,Michael Smith,3,30/12/1972,Muy creible en su papel
Evan Simmons,John Walker,3,10/01/1977,Destaco en cada escena
Samuel Craig,James Harris,4,05/05/1915,Una actuacion magistral
Lauren Richards,Elizabeth Allen,3,07/06/1986,Una actuacion magistral
Emily Nichols,Thomas Taylor,1,15/03/1973,Muy creible en su papel
Ronald Johnson,Anthony Moore,5,09/11/1975,Realmente se destaco en su papel
Jenna Cook,Anthony Thomas,1,09/11/1950,Su talento es evidente en cada escena
Johnny Stewart,Anthony Robinson,2,30/08/1986,Brillante desempeno
Tim Freeman,Mark Rodriguez,5,27/07/1962,Muy talentoso en su papel
Christopher Brown,Margaret Harris,1,20/12/2014,Brillante desempeno
Michael Carroll,Mark Brown,3,24/06/1933,Muy talentoso en su papel
Jennifer Ramirez,Lisa Taylor,3,01/06/2014,Excelente actuacion
Kenneth Hernandez,Robert Hernandez,1,31/07/1985,Muy talentoso en su papel
Miss Nicole Fleming,Barbara Davis,5,18/11/1969,Increible interpretacion
Brenda Cruz,Robert Smith,4,19/01/2010,Brillante desempeno
Kelly Mendez,Robert White,3,20/03/1955,Su actuacion fue memorable
Erika Wu,Daniel Smith,2,08/07/1936,Destaco en cada escena
Joshua Charles,Jessica Walker,2,29/07/1923,Su actuacion fue el corazon de la pelicula
Sabrina Hampton,John Brown,4,06/01/2002,Su talento es evidente en cada escena
Matthew Cohen,Anthony Garcia,3,09/11/1984,Su actuacion fue memorable
Charlotte Noble,Anthony Hall,1,29/01/1934,Muy talentoso en su papel
Jennifer Elliott,Karen Davis,1,04/06/1961,Su actuacion fue elogiada por su autenticidad y compromiso.
Tyler Werner,John Rodriguez,3,25/05/1911,Su actuacion fue elogiada por su autenticidad y compromiso.
Andrew Wright,Lisa Harris,3,07/04/1913,Me encanto su actuacion
Dawn Allen,Robert Miller,5,31/03/1923,Muy convincente en su interpretacion
Carlos Hernandez,Daniel Jones,2,15/10/2019,Su actuacion fue el corazon de la pelicula
Mrs. Michelle Stein,Jennifer Young,3,02/05/1927,Una actuacion magistral
Ariel Anderson,Anthony Taylor,2,06/03/1983,Destaco en cada escena
Mary Owens,John Walker,3,20/10/1953,Su actuacion fue elogiada por su autenticidad y compromiso.
Kristi Garcia,Robert Young,5,31/12/2015,Una actuacion destacada
Cheryl Rios,Thomas Wilson,3,11/08/1952,Destaco en cada escena
Steven Lawrence,Susan Jackson,2,04/03/1982,Muy creible en su papel
James Burgess,Charles Robinson,2,19/02/1930,Una actuacion magistral
Cassandra Rivera,Karen Williams,4,14/10/1976,Fue un placer verlo actuar
Darin Henderson,Margaret Johnson,3,06/09/1927,Su actuacion fue memorable
Eric Patterson,Susan Lee,1,18/03/1933,Su interpretacion fue el punto clave que hizo que la pelicula fuera exitosa.
Matthew Cohen,Elizabeth Anderson,1,07/06/2002,Una actuacion destacada
Mary Berry,Barbara Thomas,4,04/10/1981,Su interpretacion fue el punto clave que hizo que la pelicula fuera exitosa.
Angela Klein,Richard Robinson,3,15/08/1995,Fue un placer verlo actuar
Samuel Williams,Nancy Thomas,3,20/01/1929,Muy talentoso en su papel
Bradley Turner,Patricia White,1,07/05/2020,Brillante desempeno
Joann Jacobson,Karen Allen,5,19/11/1963,Me encanto su actuacion
Kevin Edwards,Matthew Clark,2,02/07/1927,Muy talentoso en su papel
Kim Campos,Nancy Martin,3,11/04/2005,Su presencia en pantalla fue cautivadora
Patricia Carter,Linda Walker,2,29/08/1915,Brillante desempeno
Cheryl Berry,James Brown,5,29/05/1989,Su actuacion fue memorable
Melissa Hall,Joseph Johnson,2,05/01/1913,Una actuacion destacada
Natalie Smith,Mary White,4,25/10/1939,Una actuacion magistral
Stacey Jennings,Jessica Clark,5,04/03/1912,Impresionante actuacion
Marc Thomas,Sandra Thompson,1,02/08/1989,Su talento es evidente en cada escena
Erika Jones,Elizabeth Anderson,2,06/11/1949,Su actuacion fue memorable
Benjamin Lee,Susan Harris,3,26/04/1950,Me encanto su actuacion
Jon Jones,Linda Martinez,3,20/05/1965,Muy creible en su papel
Jennifer Good,Mark Brown,2,29/08/1916,Increible interpretacion
Christopher Grant,Thomas Anderson,3,09/09/2000,Increible interpretacion
James Chambers,Christopher Rodriguez,5,18/03/1964,Su interpretacion fue el punto clave que hizo que la pelicula fuera exitosa.
Elizabeth Kline,James Wilson,2,30-2-1941,Muy creible en su papel
Brian Williams,Patricia Robinson,3,19/07/1906,Muy convincente en su interpretacion
Donald Jones,Ashley Thompson,2,13/08/1914,Su interpretacion fue el punto clave que hizo que la pelicula fuera exitosa.
Dale Salazar,John Williams,2,20/11/2013,Una actuacion destacada
Douglas Green,Ashley Lewis,5,29/10/1902,Me encanto su actuacion
Jessica Ward,Susan Johnson,3,25/02/1943,Excelente actuacion
Jordan Gonzalez,James Brown,3,29/10/1970,Muy creible en su papel
Nichole Arroyo,Nancy Young,1,06/04/1916,Su actuacion fue el corazon de la pelicula
Nicholas Johnson,Linda Brown,3,14/05/1986,Su actuacion fue el corazon de la pelicula
Michelle Glass,Jessica Thomas,4,25/09/1950,Su talento es evidente en cada escena
Earl Valdez,Matthew Allen,1,07/05/1992,Destaco en cada escena
Jessica Kelley,Christopher Jackson,1,17/01/2000,Impresionante actuacion
Jenna Fernandez,James Hall,3,14/04/1917,Su actuacion fue elogiada por su autenticidad y compromiso.
Melissa Hall,Anthony Anderson,3,04/12/1966,Increible interpretacion
Kelly Turner,Richard Smith,4,28/07/1928,Me encanto su actuacion
Janet Castillo,Susan Garcia,5,27/10/1971,Una actuacion destacada
Samantha Miller,Michael Taylor,1,31-9-1947,Su talento es evidente en cada escena
Brett Davis,Karen Lewis,2,25/03/1917,Excelente actuacion
Jared Dominguez,Jessica Smith,3,22/10/1916,Excelente actuacion
Jane Smith,Barbara Hall,5,21/12/1918,Su presencia en pantalla fue cautivadora
Ronald Ayers,James Garcia,1,21/10/1936,Muy convincente en su interpretacion
William Aguirre,Susan Thompson,4,19/05/1957,Fue un placer verlo actuar
Melissa Meyer,Matthew Taylor,4,31-9-2012,Brillante desempeno
Dean Mejia,Mary Moore,1,23/07/2005,Increible interpretacion
Julie Lane,Mark Lee,5,17/02/1966,Muy convincente en su interpretacion
Angela Fox MD,Anthony Moore,1,03/05/1922,Excelente actuacion
Todd Jones,Jennifer Rodriguez,2,30/10/1966,Impresionante actuacion
Chelsea Campbell,Thomas Jackson,4,30/07/1941,Brillante desempeno
Kenneth Gibbs,James Brown,2,12/07/1900,Muy creible en su papel
Gabrielle Morgan,Mark Lee,2,15/02/1915,Gran trabajo
Danny Murray,Margaret Thomas,4,23/09/1996,Realmente se destaco en su papel
Lisa Harrison,Matthew Lee,1,14/03/1998,Su actuacion fue memorable
Stephen Gregory,Thomas Johnson,1,12/11/1957,Su actuacion fue elogiada por su autenticidad y compromiso.
Lori Stewart,Sarah Wilson,5,08/09/1931,Su actuacion fue el corazon de la pelicula
Mr. Christopher Jones,Robert Harris,2,22/09/1986,Brillante desempeno
Crystal Massey,Linda White,4,10/08/1994,Su actuacion fue el corazon de la pelicula
Michelle Long,Anthony White,5,12/06/1947,Destaco en cada escena
Dustin Dunn,Charles Thompson,1,03/10/1995,Su actuacion fue memorable
Robert Dunlap,Thomas Brown,5,04/11/1994,Realmente se destaco en su papel
Shane Gonzalez,Richard Taylor,4,12/10/1947,Me encanto su actuacion
David Allen,Joseph Jackson,3,24/04/2007,Gran trabajo
Hannah Li,Mark Lee,5,26/09/2019,Su actuacion fue el corazon de la pelicula
Rebecca Hess,Michael Anderson,2,03/11/2009,Su talento es evidente en cada escena
Molly Wilson,Lisa Lee,1,02/11/1957,Realmente se destaco en su papel
Rachel Jenkins,Linda Harris,4,23/10/1904,Me encanto su actuacion
Cheryl Jackson,Matthew Young,1,30/11/1968,Fue un placer verlo actuar
Anna Jensen,Richard Garcia,4,13/08/1904,Gran trabajo
Gina Weber,Linda Robinson,1,11/10/1925,Destaco en cada escena
William Zimmerman,Jessica Johnson,1,30-2-2020,Excelente actuacion
Alfred Brown,Jennifer Wilson,4,27/05/1998,Su presencia en pantalla fue cautivadora
Christopher Nelson,Mark Brown,4,27/10/1962,Brillante desempeno
Barbara Mendoza,John Young,5,02/09/1910,Su actuacion fue elogiada por su autenticidad y compromiso.
Karina Charles,Barbara Robinson,2,07/06/1953,Su presencia en pantalla fue cautivadora
Douglas Green,Jessica Garcia,5,05/07/1949,Me encanto su actuacion
Nathan Collins,Jessica Williams,4,13/09/1984,Realmente se destaco en su papel
Joseph Murphy,Matthew Anderson,1,18/10/1973,Gran trabajo
Debra Sullivan,Linda Johnson,1,02/06/1997,Me encanto su actuacion
Katherine Owens,Mary Young,2,12/01/1905,Su talento es evidente en cada escena
Joseph Cline,Sandra Harris,1,08/09/2014,Su talento es evidente en cada escena
Douglas Collins Jr.,Elizabeth Anderson,5,19/01/1911,Realmente se destaco en su papel
Vanessa Cole,Michael Garcia,2,28/08/2015,Muy talentoso en su papel
Justin Young,Sarah White,3,20/11/1968,Increible interpretacion
Rhonda White,Mark Davis,1,19/07/1980,Impresionante actuacion
Christopher Medina,Richard Hernandez,1,12/12/1981,Su actuacion fue memorable
Brandon Brennan,Sarah Moore,5,11/12/1994,Gran trabajo
Melinda Johnson,Margaret Hall,2,08/09/1911,Una actuacion destacada
Dr. Gloria Mcclain,Anthony Davis,2,17/02/1905,Fue un placer verlo actuar
Mark Mckinney,Sandra White,4,27/08/2011,Su actuacion fue elogiada por su autenticidad y compromiso.
Frederick Stevens,Margaret Garcia,4,17/07/1944,Destaco en cada escena
Lisa Porter,Barbara Davis,5,02/10/1991,Su talento es evidente en cada escena
Kimberly Matthews,Mary Anderson,2,24/10/1900,Brillante desempeno
Christopher Brown,Thomas Martin,1,30/12/2002,Impresionante actuacion
Michael Davila,Charles Moore,5,26/06/1919,Su actuacion fue elogiada por su autenticidad y compromiso.
Morgan Rodriguez,Thomas Hernandez,3,14/06/1954,Su talento es evidente en cada escena
Jerry Arroyo,Jennifer Garcia,1,07/03/1972,Su presencia en pantalla fue cautivadora
Russell Brown,Susan Moore,2,09/11/1917,Me encanto su actuacion
Diana Jacobson,Barbara Martin,3,31/12/2002,Destaco en cada escena
Logan Roberts,Linda Walker,4,06/06/1901,Brillante desempeno
Steven Smith,Patricia Davis,1,26/03/1992,Su actuacion fue el corazon de la pelicula
Diane Flores,Barbara Martinez,4,24/09/2005,Me encanto su actuacion
Marcus Kidd,Margaret Jackson,3,08/12/2007,Me encanto su actuacion
Jeremy Hammond,John White,2,08/06/1927,Su actuacion fue memorable
Chad Marshall,Joseph Williams,1,24/07/1991,Su actuacion fue el corazon de la pelicula
Crystal Osborn,Michael Thompson,4,31/01/1944,Su presencia en pantalla fue cautivadora
Denise York,Daniel Allen,1,23/02/1972,Su actuacion fue el corazon de la pelicula
Crystal Williams,Patricia White,4,15/03/1990,Su actuacion fue memorable
Gregory Knox,Jennifer Harris,5,04/07/1975,Su actuacion fue memorable
Justin Higgins,Sandra Davis,5,01/10/2017,Una actuacion magistral
Charles Martinez,Joseph Clark,3,30/11/1966,Su actuacion fue elogiada por su autenticidad y compromiso.
Amanda Ramos,Sandra Davis,3,05/04/1967,Su actuacion fue el corazon de la pelicula
Veronica Romero,Michael Walker,1,21/02/1982,Me encanto su actuacion
Eric Goodwin,Joseph Jackson,2,17/02/1967,Su interpretacion fue el punto clave que hizo que la pelicula fuera exitosa.
Janet Sharp,Margaret Johnson,2,30/11/1996,Su interpretacion fue el punto clave que hizo que la pelicula fuera exitosa.
Kelly Singleton,Jennifer White,1,08/05/1937,Su interpretacion fue el punto clave que hizo que la pelicula fuera exitosa.
Kristen Summers,Anthony Anderson,3,02/12/1940,Excelente actuacion
Andrea Crawford PhD,Patricia Taylor,3,24/04/1917,Realmente se destaco en su papel
Gerald Gross,Elizabeth Clark,5,13/12/1968,Me encanto su actuacion
Vicki Woods,Karen Lee,4,28/06/1908,Su actuacion fue elogiada por su autenticidad y compromiso.
Janet Carson,Thomas Martinez,1,22/01/1967,Su talento es evidente en cada escena
Kayla Adams,Lisa Thomas,1,03/09/1919,Destaco en cada escena
Patrick Rodgers,Mark Moore,5,28/07/1931,Su actuacion fue elogiada por su autenticidad y compromiso.
Kelly Howell,Sandra Clark,5,26/12/1979,Impresionante actuacion
Alice Smith,Nancy Brown,3,08/02/1962,Fue un placer verlo actuar
Heather Mathis,Ashley Thompson,4,07/02/1918,Muy convincente en su interpretacion
Steven Faulkner,John Smith,1,01/12/1944,Impresionante actuacion
Donna Castro,James Thomas,4,17/09/1997,Increible interpretacion
Mrs. Julia Osborne,James Hernandez,3,05/07/1941,Su actuacion fue elogiada por su autenticidad y compromiso.
Michelle French,Joseph Clark,5,31/10/1974,Destaco en cada escena
Gary Williams,Nancy White,4,23/05/1969,Su talento es evidente en cada escena
Madeline Miranda,Sarah Taylor,4,20/05/1957,Su interpretacion fue el punto clave que hizo que la pelicula fuera exitosa.
Jennifer Kelley,Christopher Thomas,5,05/02/2009,Su interpretacion fue el punto clave que hizo que la pelicula fuera exitosa.
Julie Hayden,Ashley Rodriguez,4,24/09/2006,Muy talentoso en su papel
Clinton Butler,James Miller,3,01/06/1975,Su interpretacion fue el punto clave que hizo que la pelicula fuera exitosa.
Robert Lee,Jennifer Hernandez,1,29/11/1921,Su presencia en pantalla fue cautivadora
Emily Smith MD,Nancy Jones,1,06/01/2001,Impresionante actuacion
Timothy Richardson,Karen Walker,1,31-2-1963,Me encanto su actuacion
Crystal Rodriguez,Margaret Johnson,1,31/08/1933,Una actuacion destacada
Lauren Freeman,Sandra Thompson,4,17/01/2011,Me encanto su actuacion
Kelsey Herring,Michael Thompson,1,31/12/1995,Muy creible en su papel
Marie Alvarado,Joseph Martin,5,17/11/1984,Su actuacion fue el corazon de la pelicula
Mary Salinas,Margaret Miller,5,12/03/1962,Una actuacion destacada
Brandi Reyes,Matthew Young,2,30/12/1946,Destaco en cada escena
Scott Spencer,Jennifer Garcia,4,23/04/1961,Me encanto su actuacion
Brianna Gonzales,Susan Moore,4,03/09/1959,Destaco en cada escena
Eric Young,Linda Thompson,2,15/11/1905,Brillante desempeno
Cassandra Le,Michael Harris,2,04/10/1994,Muy convincente en su interpretacion
Jordan Long,James Miller,4,10/11/1964,Muy convincente en su interpretacion
Sarah Bryan,Robert Garcia,3,06/11/2019,Muy creible en su papel
Jennifer Marquez,David Walker,4,04/10/1968,Muy convincente en su interpretacion
Christopher Velez,Mary Hall,2,21/07/1955,Su presencia en pantalla fue cautivadora
Randy Burns,Jennifer Lee,3,01/05/1956,Impresionante actuacion
Lisa Hernandez,Sarah Johnson,4,07/07/1925,Su actuacion fue elogiada por su autenticidad y compromiso.
Kim Briggs,John Brown,4,01/09/1916,Una actuacion destacada
Scott Johnson,Barbara Jones,1,19/09/1994,Su actuacion fue el corazon de la pelicula
Christie Jordan,Linda Moore,2,06/12/1912,Muy creible en su papel
Jill Douglas,Susan Lee,4,15/12/1983,Su actuacion fue memorable
Cory Brown,Margaret Harris,5,21/02/1928,Muy talentoso en su papel
Crystal Roth,Richard Johnson,1,10/05/1913,Increible interpretacion
Alicia Patrick DVM,Elizabeth Smith,1,05/01/2001,Fue un placer verlo actuar
Rebekah Miller,Thomas Lewis,1,12/02/1935,Muy convincente en su interpretacion
Michael Reese,Charles Smith,5,22/03/1952,Excelente actuacion
Megan Harmon,Karen Lee,5,04/10/1949,Muy talentoso en su papel
Ronnie Maddox,Susan Williams,3,19/06/1935,Gran trabajo
Mason Oliver,Patricia Lee,2,20/04/1955,Me encanto su actuacion
Cody Martinez,Linda Brown,4,08/11/2012,Una actuacion magistral
Mary Salinas,Linda Williams,1,04/01/1986,Impresionante actuacion
Debra Black,William Moore,3,21/10/2007,Muy talentoso en su papel
Elizabeth Torres,Lisa Miller,3,28/07/1973,Fue un placer verlo actuar
Johnny Stewart,Thomas Taylor,5,08/06/1911,Muy creible en su papel
David Smith,Sandra Clark,1,31/07/2001,Su talento es evidente en cada escena
Dawn Gonzales,Michael Hall,5,13/04/1927,Gran trabajo
Joseph Murphy,Michael Garcia,3,13/04/1989,Su actuacion fue el corazon de la pelicula
Nathaniel Ortiz,Joseph Clark,4,18/01/1907,Muy convincente en su interpretacion
Carla Zuniga,Sandra Moore,5,04/10/1906,Su actuacion fue el corazon de la pelicula
Sean Scott,James Jackson,4,28/03/1969,Su actuacion fue elogiada por su autenticidad y compromiso.
Daniel Yoder,John Walker,2,10/08/1976,Su actuacion fue elogiada por su autenticidad y compromiso.
Joseph Diaz,Lisa Thomas,3,30/12/1973,Me encanto su actuacion
Alan Bass,Barbara Jones,4,22/02/1993,Su talento es evidente en cada escena
Angel Galvan,Ashley Clark,4,06/04/1962,Su presencia en pantalla fue cautivadora
Alisha Franklin,Jessica Johnson,3,09/01/1983,Su talento es evidente en cada escena
Paul Simmons,Richard Davis,2,31/03/1904,Destaco en cada escena
Deanna Fisher,Margaret Miller,1,04/06/2000,Gran trabajo
Tony Taylor,William Anderson,5,01/04/1953,Su interpretacion fue el punto clave que hizo que la pelicula fuera exitosa.
Jonathan Clarke,Patricia Harris,5,13/08/1916,Excelente actuacion
Christina Edwards,James Moore,5,26/04/1942,Muy convincente en su interpretacion
Thomas Sanchez,John Lewis,5,28/07/1923,Su talento es evidente en cada escena
Kimberly Robertson,Jennifer Davis,3,20/05/1929,Su actuacion fue elogiada por su autenticidad y compromiso.
Victoria Walker,Margaret Jackson,5,17/07/1966,Su actuacion fue memorable
Eugene Butler,Michael Clark,3,13/06/1978,Su presencia en pantalla fue cautivadora
Krystal Gibson MD,William Taylor,4,21/08/1922,Su interpretacion fue el punto clave que hizo que la pelicula fuera exitosa.
Emily Cooper,Sarah Anderson,5,25/02/1979,Muy creible en su papel
Mary Perez,Christopher Jackson,5,20/03/1951,Muy convincente en su interpretacion
Lauren Smith,Elizabeth Martinez,2,19/01/1980,Su interpretacion fue el punto clave que hizo que la pelicula fuera exitosa.
Adam Turner,Richard Taylor,3,14/11/1992,Muy talentoso en su papel
Shannon Watson,Jennifer Robinson,3,11/09/1947,Su actuacion fue elogiada por su autenticidad y compromiso.
Ryan Shepard,Charles Miller,5,19/01/1901,Una actuacion destacada
Jimmy Thomas,Jennifer Thomas,5,22/02/1995,Su interpretacion fue el punto clave que hizo que la pelicula fuera exitosa.
Shane Gonzalez,Charles Thompson,1,31/03/1959,Increible interpretacion
Amanda Taylor,Charles Anderson,4,06/01/1908,Su interpretacion fue el punto clave que hizo que la pelicula fuera exitosa.
Wesley Larson,Jennifer Harris,5,25/04/1951,Gran trabajo
Brandon Smith,Margaret Brown,4,19/03/1938,Muy convincente en su interpretacion
Craig Williams,Jennifer Rodriguez,2,27/04/1974,Su interpretacion fue el punto clave que hizo que la pelicula fuera exitosa.
Andrea Garcia,Mary Thompson,4,28/12/1954,Increible interpretacion
Ian Martin,Elizabeth Martin,2,20/12/1984,Su talento es evidente en cada escena
Todd Small,Margaret Young,3,18/03/1915,Su interpretacion fue el punto clave que hizo que la pelicula fuera exitosa.
Calvin Ray,Mark Walker,1,12/10/1992,Me encanto su actuacion
Robert Manning,Sandra Moore,3,04/09/1945,Impresionante actuacion
Matthew Rivera,Susan Jones,2,11/04/1927,Muy talentoso en su papel
Robert Patterson,James Hernandez,4,04/03/2017,Muy talentoso en su papel
Jennifer Atkinson,Michael Brown,2,23/11/1977,Su actuacion fue memorable
Daniel Lloyd,Thomas Young,3,31-2-2009,Destaco en cada escena
Robert Woods,Robert Robinson,5,29/06/1969,Fue un placer verlo actuar
Sarah Morrow,Charles Hall,5,26/12/1930,Su actuacion fue elogiada por su autenticidad y compromiso.
Brett Davis,Thomas Smith,4,31-6-1916,Su interpretacion fue el punto clave que hizo que la pelicula fuera exitosa.
Kevin Delgado,John Walker,1,25/02/1942,Gran trabajo
Denise Jackson,Daniel Lewis,3,19/10/1934,Excelente actuacion
Richard Young,David Johnson,2,10/09/1996,Excelente actuacion
Jordan Gonzalez,Christopher White,5,18/01/1958,Su presencia en pantalla fue cautivadora
Mary Berry,Jennifer Davis,2,08/01/1997,Fue un placer verlo actuar
Amanda Gonzales,Sarah Anderson,3,06/08/1978,Una actuacion destacada
Lauren Hunter,Richard Davis,2,11/12/2019,Su presencia en pantalla fue cautivadora
Cynthia Pearson,Daniel Lewis,2,31-4-1956,Gran trabajo
Jeffrey Vance,Jessica Johnson,4,21/12/1949,Una actuacion destacada
Robin Tran,Lisa Hall,3,28/03/1906,Su actuacion fue el corazon de la pelicula
Stephen Lewis,William Moore,5,06/05/1969,Me encanto su actuacion
Joseph Stewart,Linda Miller,2,10/03/1932,Su actuacion fue el corazon de la pelicula
Lori Murphy,William Anderson,4,16/10/1917,Su actuacion fue el corazon de la pelicula
Gary Williams,John Young,4,23/05/1911,Su actuacion fue el corazon de la pelicula
Laura Myers,Charles Jackson,4,26/01/2007,Gran trabajo
Erika Wu,Thomas Taylor,1,06/08/1966,Su interpretacion fue el punto clave que hizo que la pelicula fuera exitosa.
Michaela Underwood,Jessica Thomas,3,29/11/1939,Su actuacion fue el corazon de la pelicula
William Gross,Christopher Miller,3,11/08/1949,Su actuacion fue elogiada por su autenticidad y compromiso.
Miranda Flores,Jennifer White,4,07/08/1981,Me encanto su actuacion
Jimmy Thomas,Charles Anderson,1,23/04/1953,Increible interpretacion
Brandi Holland,Anthony Rodriguez,5,14/10/1917,Realmente se destaco en su papel
Dr. Kathryn Brown MD,Elizabeth Lee,2,08/07/2001,Fue un placer verlo actuar
William Cox,Margaret Jackson,3,04/12/1998,Muy convincente en su interpretacion
Lauren Mendez,Linda Robinson,4,26/07/1927,Una actuacion magistral
John Schneider,James Wilson,1,24/05/2018,Brillante desempeno
Brian Schmidt,John Jones,5,20/09/1997,Realmente se destaco en su papel
Sean Medina,David Hall,5,05/01/1925,Fue un placer verlo actuar
Madeline Miranda,Jessica Thompson,1,07/04/1987,Fue un placer verlo actuar
Mary Rose,Linda Brown,3,06/04/1923,Una actuacion destacada
Elizabeth Johnson,Susan Lee,2,06/04/1934,Muy convincente en su interpretacion
Michele Crawford,James Hernandez,1,29/05/1978,Su actuacion fue el corazon de la pelicula
Kimberly Mcdaniel,Richard Garcia,4,16/05/1947,Su talento es evidente en cada escena
Michael Jones,Margaret Garcia,4,22/10/1989,Muy creible en su papel
Jerry Fox,Mark Thomas,2,26/01/1978,Impresionante actuacion
Robert Garcia,Karen Johnson,4,23/06/2010,Muy creible en su papel
Steve Scott,Sarah White,5,13/10/1948,Su actuacion fue memorable
Sarah Bowman,Thomas Hall,4,09/11/1911,Su interpretacion fue el punto clave que hizo que la pelicula fuera exitosa.
Samuel Castaneda,Matthew Clark,4,28/06/1937,Gran trabajo
Kimberly Johnson,Jennifer Martinez,5,21/11/1978,Una actuacion magistral
Emily Martin,Jessica Allen,5,10/08/1930,Muy talentoso en su papel
Sarah Brown,Matthew Davis,2,22/09/1954,Su interpretacion fue el punto clave que hizo que la pelicula fuera exitosa.
Jason Welch,James Hall,1,31/03/1997,Su actuacion fue elogiada por su autenticidad y compromiso.
Mr. Cory King,Susan Davis,5,16/01/1948,Brillante desempeno
Jamie Brooks,Michael Smith,2,16/07/1900,Gran trabajo
Kayla Keller,Patricia Johnson,3,07/02/1948,Su interpretacion fue el punto clave que hizo que la pelicula fuera exitosa.
Todd Jones,Elizabeth Lewis,5,23/10/1966,Me encanto su actuacion
Jennifer Elliott,Mark Hall,5,11/08/1980,Una actuacion destacada
Lauren Ball,Sarah Jackson,4,04/01/2011,Destaco en cada escena
Paula Davis,Linda Lee,3,26/03/1992,Fue un placer verlo actuar
Donna Rodriguez,Robert Wilson,3,21/07/1911,Impresionante actuacion
Sharon Eaton,Linda Thompson,5,19/04/1979,Impresionante actuacion
Daniel Sparks,Charles Wilson,1,18/08/2010,Muy talentoso en su papel
Samuel Burke,Mary Martinez,2,24/05/1900,Increible interpretacion
Kerry Rojas,Robert Thompson,4,12/12/1970,Realmente se destaco en su papel
Tyler Smith,Charles Anderson,5,26/03/1904,Muy creible en su papel
Angela Morris,David Jones,5,23/01/1912,Una actuacion magistral
Brittney Johnson,Mary Garcia,2,01/07/2011,Su presencia en pantalla fue cautivadora
Nicolas Jenkins,Michael Lewis,1,14/05/1978,Su actuacion fue memorable
Ashley Stevens,Ashley Davis,4,18/08/1904,Realmente se destaco en su papel
Billy Franklin III,James White,2,27/07/2011,Increible interpretacion
Glen Summers,Daniel Allen,3,30/05/1925,Su interpretacion fue el punto clave que hizo que la pelicula fuera exitosa.
Deanna Moran,Barbara Thomas,4,06/05/1956,Su actuacion fue memorable
Anna Smith,Robert Lewis,2,28/08/1938,Excelente actuacion
Mrs. Sandra Rogers MD,Mark Thomas,5,03/03/1916,Su actuacion fue elogiada por su autenticidad y compromiso.
Michael Webb,Charles Hall,1,14/11/1921,Su talento es evidente en cada escena
Latoya Boone,Mark Walker,3,14/05/1931,Una actuacion magistral
Justin Smith,Patricia Clark,1,26/02/1913,Impresionante actuacion
Crystal Ray,Joseph Williams,5,28/05/1920,Muy creible en su papel
Joshua Sampson,Jessica Davis,4,25/04/1973,Su actuacion fue el corazon de la pelicula
Tyler Avila,Michael Martinez,3,18/03/1916,Una actuacion magistral
Gerald Gross,Patricia Robinson,4,27/09/1960,Una actuacion magistral
Valerie Choi,Thomas Young,4,01/11/1902,Su actuacion fue el corazon de la pelicula
Lauren Freeman,John Jackson,2,20/02/1923,Su actuacion fue el corazon de la pelicula
John Wilson,Robert Jones,4,01/03/2001,Su actuacion fue elogiada por su autenticidad y compromiso.
Angela Myers,Nancy Thompson,4,26/05/1973,Muy convincente en su interpretacion
Stephanie Mcdaniel,Daniel Martinez,2,26/05/1933,Su presencia en pantalla fue cautivadora
Thomas Sanchez,Joseph Williams,4,05/01/1916,Muy convincente en su interpretacion
Kimberly Johnson,Karen Lee,1,22/11/1955,Una actuacion destacada
Thomas Jenkins,Sandra Harris,5,30/05/1921,Muy convincente en su interpretacion
Michael Brown,Linda Clark,4,01/05/2004,Brillante desempeno
Mark Smith,Mary Walker,3,19/07/1953,Fue un placer verlo actuar
Brenda Cruz,John Brown,5,06/07/1931,Su actuacion fue memorable
Victoria Pennington,Jennifer Jackson,3,25/03/1928,Gran trabajo
Andrew Patterson,Patricia Robinson,5,21/03/1924,Una actuacion destacada
Tammy Owens,Sandra Williams,5,02/11/1960,Una actuacion destacada
David Martin,Sarah Johnson,1,11/05/2020,Gran trabajo
Dawn Barnes,Sandra Moore,2,14/07/2013,Realmente se destaco en su papel
Michael Ramirez II,Mary Hernandez,2,13/06/1984,Brillante desempeno
Peggy Fields,David Davis,4,17/01/2005,Su talento es evidente en cada escena
Andrew Baker,Ashley Williams,3,30/11/1913,Muy talentoso en su papel
Richard Young,Thomas Walker,1,18/09/1945,Destaco en cada escena
Breanna White,David Martin,2,27/02/2019,Su interpretacion fue el punto clave que hizo que la pelicula fuera exitosa.
Michele Davis,Anthony Lewis,5,04/11/1901,Su actuacion fue el corazon de la pelicula
Julie Crawford,Mark Jones,4,28/03/1937,Su presencia en pantalla fue cautivadora
James Kim,Susan Clark,3,25/07/1930,Su presencia en pantalla fue cautivadora
Doris Ortega,Sarah Thomas,1,31/03/1981,Muy convincente en su interpretacion
Justin Christian,Sandra Wilson,1,27/06/1927,Brillante desempeno
Todd Small,Sarah Walker,3,07/11/1901,Muy creible en su papel
Sarah Goodman,Mark Garcia,2,24/12/1925,Su actuacion fue memorable
Matthew Curry,Christopher Smith,1,15/11/1952,Su actuacion fue elogiada por su autenticidad y compromiso.
Casey Padilla,David Brown,3,15/02/2014,Su presencia en pantalla fue cautivadora
Marco Ramsey,Nancy Young,4,26/04/2001,Fue un placer verlo actuar
Monique Murphy,Barbara Smith,3,29/01/1989,Fue un placer verlo actuar
Lisa Harris,Susan Hernandez,3,29/04/1938,Destaco en cada escena
Mason Oliver,Mary Anderson,5,03/04/1969,Una actuacion magistral
Frank Summers,Ashley Rodriguez,3,07/03/1950,Realmente se destaco en su papel
Kristen Rodriguez,Christopher Jones,1,15/02/1909,Una actuacion magistral
Brendan Turner MD,Barbara Hall,3,23/01/1961,Destaco en cada escena
Alison Miller,Robert Anderson,1,17/06/1966,Su presencia en pantalla fue cautivadora
Jacob Harris,Barbara Allen,3,31-6-1934,Me encanto su actuacion
Melissa Gomez,Joseph Brown,2,26/06/1973,Su interpretacion fue el punto clave que hizo que la pelicula fuera exitosa.
Lauren Pham,Charles Anderson,4,12/06/2011,Su talento es evidente en cada escena
Amanda May PhD,Robert Rodriguez,1,25/05/1972,Realmente se destaco en su papel
Kimberly Diaz,Sarah Johnson,2,13/09/1915,Muy talentoso en su papel
Sarah Lamb,Karen Anderson,1,30/04/1968,Realmente se destaco en su papel
Johnny Stewart,Linda Williams,3,01/11/1958,Una actuacion destacada
Julia Murphy,Michael Davis,1,11/11/1971,Me encanto su actuacion
Kari Dennis,Mary Clark,1,27/06/1943,Una actuacion destacada
Tiffany Watson,Thomas Thompson,4,21/05/2010,Su actuacion fue elogiada por su autenticidad y compromiso.
Madison Stanley,Margaret Young,1,30/04/1925,Su actuacion fue el corazon de la pelicula
Emily Wu,Sarah Lewis,5,20/03/1936,Impresionante actuacion
Lisa Harrison,Charles Wilson,3,24/08/1906,Muy creible en su papel
Laura Myers,Charles Martinez,4,06/11/1906,Su actuacion fue elogiada por su autenticidad y compromiso.
Alice Miller,Jessica Lewis,4,28/03/1955,Su interpretacion fue el punto clave que hizo que la pelicula fuera exitosa.
Kelly Woods,Mark Davis,2,10/03/1942,Destaco en cada escena
Laura Myers,Ashley Allen,4,01/05/1914,Gran trabajo
Benjamin Moon,Jessica Davis,2,10/06/1920,Me encanto su actuacion
Rebecca Bryant,Mary Garcia,4,10/08/1929,Gran trabajo
Terry Mooney,Jennifer Davis,4,23/05/2016,Muy convincente en su interpretacion
Thomas Williams,Michael Thomas,3,16/02/1961,Muy talentoso en su papel
Kristi Long,Susan Davis,5,13/04/1944,Me encanto su actuacion
Riley Brewer,John Brown,2,02/08/1936,Su actuacion fue elogiada por su autenticidad y compromiso.
Robert Myers,Barbara Moore,3,13/12/1926,Una actuacion destacada
Lisa Hernandez,Linda Wilson,5,07/08/1915,Increible interpretacion
Michael Moore,Mark Young,3,29/09/1952,Muy convincente en su interpretacion
Lisa Thomas,Sandra Moore,3,23/09/1910,Su actuacion fue memorable
Christopher Austin,Linda Thompson,3,16/02/1965,Una actuacion destacada
Joshua Bennett,Linda Martinez,1,19/11/2005,Realmente se destaco en su papel
Elizabeth Garcia,Susan Thompson,1,06/04/1976,Su talento es evidente en cada escena
Philip Bennett,William Young,3,27/03/1925,Muy convincente en su interpretacion
Nichole Munoz,Matthew Walker,5,26/05/1953,Muy convincente en su interpretacion
Diana Willis,Jessica Harris,1,02/07/1902,Realmente se destaco en su papel
Rebecca Camacho,Susan Davis,3,13/05/1952,Su talento es evidente en cada escena
Emily Parker,Karen Brown,3,16/02/1904,Su presencia en pantalla fue cautivadora
Heidi Martin,Margaret Allen,4,07/09/1999,Destaco en cada escena
Monica Hernandez,Barbara Thomas,4,30/04/2011,Una actuacion magistral
Kayla Mcclain,Ashley Johnson,5,05/09/1924,Me encanto su actuacion
Emily Bush,Sarah Davis,1,21/10/1983,Impresionante actuacion
Carl Avery,Charles Young,1,13/06/1955,Su talento es evidente en cada escena
Crystal Ray,Richard Martin,2,07/02/1958,Brillante desempeno
Laura Hayes,Michael Clark,1,21/02/1974,Impresionante actuacion
Barbara Smith,Karen Johnson,1,23/07/1958,Me encanto su actuacion
James Lopez,David Williams,1,31/10/1937,Impresionante actuacion
Jane Sharp,Robert Rodriguez,4,25/07/2013,Su interpretacion fue el punto clave que hizo que la pelicula fuera exitosa.
Michael Johnson,Christopher Hernandez,2,24/10/1984,Una actuacion destacada
Melissa Meyer,Nancy Anderson,4,04/01/1924,Gran trabajo
Seth Calderon,Sandra Garcia,2,19/06/1986,Su actuacion fue elogiada por su autenticidad y compromiso.
Adam Smith,Lisa Rodriguez,5,02/10/1982,Me encanto su actuacion
Brendan Cannon,Lisa Lewis,4,02/06/1903,Una actuacion destacada
Robert Poole,Sarah Martin,3,05/07/2015,Su presencia en pantalla fue cautivadora
Jacob Flores,Ashley Hall,5,17/06/2018,Su actuacion fue elogiada por su autenticidad y compromiso.
Kelsey Boyle,Linda White,5,26/05/1992,Impresionante actuacion
Paula Arnold,Susan Robinson,1,28/03/1904,Destaco en cada escena
Miss Lynn Santos,James Jones,3,25/09/1954,Me encanto su actuacion
Austin Morris,Lisa Thomas,3,14/10/1910,Muy talentoso en su papel
Morgan Pacheco,Jennifer Thomas,5,30-2-2005,Impresionante actuacion
Evan Simmons,Nancy Martinez,1,25/04/2017,Una actuacion magistral
Sara Mcbride,Thomas Anderson,5,12/03/1942,Muy talentoso en su papel
David Mccoy,Christopher Garcia,4,09/01/1968,Brillante desempeno
Gavin Brown,Sarah Anderson,4,19/01/1905,Impresionante actuacion
Laura Hayes,Daniel Davis,3,02/09/1935,Su talento es evidente en cada escena
Andrew Patterson,Thomas Miller,2,04/03/1913,Brillante desempeno
Jennifer Fisher,Patricia Harris,1,13/11/1915,Muy creible en su papel
Jessica Randall,Barbara Allen,2,19/07/1955,Una actuacion destacada
Dorothy Landry,Margaret Young,5,09/09/1903,Una actuacion magistral
Sabrina Hampton,Robert Walker,1,20/10/2002,Su interpretacion fue el punto clave que hizo que la pelicula fuera exitosa.
Angela Klein,Jessica Jones,5,09/02/1903,Realmente se destaco en su papel
Taylor Dixon,Anthony Garcia,4,24/05/1908,Muy convincente en su interpretacion
Barry Meza,Charles Harris,1,30/06/1926,Muy creible en su papel
Maria Aguilar,Mark Moore,5,16/01/1912,Destaco en cada escena
Michelle Davis,Thomas Anderson,5,23/01/1925,Su talento es evidente en cada escena
Susan Wilson,Robert Brown,4,01/07/1952,Una actuacion destacada
Emily Cooper,Jennifer Brown,4,02/02/1973,Fue un placer verlo actuar
Monica Hernandez,Anthony Jackson,5,16/08/1983,Su interpretacion fue el punto clave que hizo que la pelicula fuera exitosa.
Tammy Estes,Sandra Lee,5,01/10/1923,Su talento es evidente en cada escena
Michelle French,Richard Thomas,2,28/07/2004,Muy talentoso en su papel
Isaiah Chavez,Anthony Martinez,1,09/02/2010,Fue un placer verlo actuar
Briana Garcia,Anthony Jackson,5,25/02/1958,Increible interpretacion
Meagan Clark,John Young,1,13/06/1965,Realmente se destaco en su papel
Kelly Norris,Ashley Wilson,3,07/02/1918,Muy convincente en su interpretacion
Jessica Watson,Patricia Davis,3,23/11/2000,Gran trabajo
Alexis Baker,Mark Thomas,4,21/12/1992,Su actuacion fue memorable
Amy Ford,Mark Thomas,2,12/02/2016,Su presencia en pantalla fue cautivadora
Brooke Webb,Charles Davis,5,08/05/2000,Excelente actuacion
Yvonne Morgan,Linda Anderson,1,18/07/2014,Increible interpretacion
Emily Parker,James Hernandez,3,06/02/1928,Impresionante actuacion
Charles Dixon,Margaret Miller,3,11/07/1904,Destaco en cada escena
Erin Reynolds,Nancy Young,4,05/08/1906,Su actuacion fue el corazon de la pelicula
Crystal Andrews MD,Thomas Williams,3,30/06/1986,Destaco en cada escena
Joseph Gomez,Lisa Clark,4,31/05/1991,Realmente se destaco en su papel
Marcus Kerr,Patricia Anderson,1,29/04/1924,Destaco en cada escena
Dr. Ryan Harrington DDS,Jessica Harris,1,19/09/1910,Brillante desempeno
Terry Jackson,Matthew Anderson,4,03/06/1996,Destaco en cada escena
Melissa Garcia,Mark Jackson,1,04/06/1981,Su interpretacion fue el punto clave que hizo que la pelicula fuera exitosa.
Joseph Olsen,Charles Brown,5,27/11/1926,Una actuacion magistral
Timothy Daniels,David Walker,2,03/06/1965,Su presencia en pantalla fue cautivadora
Melissa Meyer,Thomas Taylor,5,21/06/1982,Fue un placer verlo actuar
Matthew Marks,Susan Walker,2,18/06/1937,Brillante desempeno
Douglas Barton,Margaret Johnson,4,21/10/2006,Una actuacion magistral
Danielle Davis,Patricia Lee,1,19/03/1938,Su interpretacion fue el punto clave que hizo que la pelicula fuera exitosa.
Mary Morgan,Charles Young,1,31/05/1941,Su talento es evidente en cada escena
Dennis Wade,Matthew Smith,4,30/04/1917,Brillante desempeno
Todd Wilson,William Miller,3,09/02/1916,Me encanto su actuacion
Marcus Kerr,Matthew Young,2,26/06/2012,Muy convincente en su interpretacion
Tara Harmon,Charles Brown,3,29/10/2020,Increible interpretacion
Joseph Cantrell,Barbara Taylor,5,08/06/1921,Su actuacion fue elogiada por su autenticidad y compromiso.
Elaine Meyer,David Miller,4,13/03/1996,Realmente se destaco en su papel
Debra Vazquez DDS,Karen Moore,5,04/07/1978,Realmente se destaco en su papel
Lauren Mendez,John Brown,2,09/09/1965,Fue un placer verlo actuar
Alex Blackburn,Charles Jackson,3,26/07/1942,Una actuacion destacada
Courtney Guerra,Sandra Allen,3,15/05/1919,Increible interpretacion
Molly Cole,Anthony Taylor,1,18/10/1910,Su talento es evidente en cada escena
Brittany Martin,Ashley Hall,1,09/10/1924,Increible interpretacion
Sally Roberts,Margaret Garcia,2,25/01/1943,Su actuacion fue elogiada por su autenticidad y compromiso.
Eric Oliver,Ashley Rodriguez,2,21/01/1935,Muy convincente en su interpretacion
Todd Green,Mark Thompson,2,11/04/1934,Realmente se destaco en su papel
Shawn Lamb,Thomas Brown,4,27/10/1945,Su presencia en pantalla fue cautivadora
Cheryl Jackson,Thomas Anderson,4,07/08/1945,Muy creible en su papel
Wayne Thompson,Richard Jones,1,27/02/1975,Su interpretacion fue el punto clave que hizo que la pelicula fuera exitosa.
Adam Price MD,Thomas Johnson,3,17/02/1942,Su interpretacion fue el punto clave que hizo que la pelicula fuera exitosa.
Eddie Rose,David Jackson,5,27/03/1976,Una actuacion destacada
Scott Price,Jessica Allen,3,26/02/1908,Realmente se destaco en su papel
David Warren,David Lewis,5,08/10/1949,Muy convincente en su interpretacion
Joseph Sanchez,Elizabeth Smith,5,11/01/1917,Impresionante actuacion
Andrew Wright,Nancy Taylor,2,26/11/2004,Impresionante actuacion
Jose Stevens,Margaret Thompson,2,17/02/1975,Su talento es evidente en cada escena
Melinda Miller,Mark Miller,2,31/10/1975,Una actuacion magistral
Joshua Burns,Charles Robinson,2,05/02/1918,Una actuacion magistral
Derrick Wong,Karen Jackson,1,13/08/1985,Su actuacion fue memorable
John Torres,William Martinez,4,21/01/2015,Muy convincente en su interpretacion
Ronald Reynolds,Mark Jackson,2,27/06/1954,Su actuacion fue el corazon de la pelicula
Nicole Simpson,Elizabeth Robinson,3,27/01/1920,Increible interpretacion
Makayla Simpson,Matthew Hall,4,12/01/1936,Su actuacion fue elogiada por su autenticidad y compromiso.
Paula Cooper,Richard Davis,2,07/09/1991,Brillante desempeno
Michael Johnson,Elizabeth Thomas,4,15/03/1906,Excelente actuacion
Wanda Cruz,Charles Young,2,04/06/1934,Me encanto su actuacion
Sonia Sandoval,Nancy Thompson,1,20/06/1913,Destaco en cada escena
Rachel Hall,Susan Allen,3,22/11/1968,Gran trabajo
Michael Carroll,Christopher Robinson,4,22/08/1936,Me encanto su actuacion
Kelly Norris,Karen Johnson,2,22/11/1969,Me encanto su actuacion
Jennifer Ramirez,Matthew Miller,2,17/03/2014,Su actuacion fue elogiada por su autenticidad y compromiso.
Hannah Powell,Jessica Allen,1,11/08/1958,Su interpretacion fue el punto clave que hizo que la pelicula fuera exitosa.
Nicole Neal,Anthony Rodriguez,2,22/02/1907,Brillante desempeno
David Weber,Joseph Davis,5,23/02/1970,Su actuacion fue elogiada por su autenticidad y compromiso.
Jessica Walters,Michael Wilson,1,24/07/1970,Su interpretacion fue el punto clave que hizo que la pelicula fuera exitosa.
Mr. Jacob Larson,Margaret Harris,1,19/03/1983,Muy convincente en su interpretacion
Phyllis Johnson,Jennifer Young,1,28/12/1977,Su actuacion fue memorable
Kari Haas,Jennifer Walker,4,05/05/1974,Su actuacion fue elogiada por su autenticidad y compromiso.
Michael Davis,John Lewis,4,10/02/1982,Muy talentoso en su papel
Amy Shelton,Joseph Jones,2,17/09/1967,Gran trabajo
Jessica Jones,Karen Taylor,5,22/03/1959,Muy creible en su papel
Vanessa Lewis,Elizabeth Hall,4,14/07/1960,Su interpretacion fue el punto clave que hizo que la pelicula fuera exitosa.
Jeffrey Vance,Jessica Taylor,2,10/01/1994,Excelente actuacion
Shawn Lamb,Patricia Hernandez,3,03/02/1994,Su actuacion fue elogiada por su autenticidad y compromiso.
Cheryl Williams,Elizabeth Garcia,4,22/07/1925,Muy talentoso en su papel
Christopher Griffith,Robert Smith,3,10/07/1916,Realmente se destaco en su papel
Jeremy Hammond,Lisa Thomas,2,30/06/2008,Una actuacion destacada
Joshua Hull,Lisa Martin,3,18/06/1932,Me encanto su actuacion
Andrea Byrd,Michael Allen,4,17/07/1994,Su actuacion fue el corazon de la pelicula
April Nelson,Christopher Allen,5,04/02/1992,Muy creible en su papel
Cindy Wilson,Jessica Martinez,2,12/04/1972,Muy talentoso en su papel
Janice Lopez,Susan Jackson,4,28/10/1972,Realmente se destaco en su papel
Nichole Munoz,Mark Brown,3,29/11/1959,Su talento es evidente en cada escena
Margaret Wyatt,Mary Young,4,17/06/1908,Muy talentoso en su papel
Adrienne Taylor,Joseph Rodriguez,3,14/01/1995,Excelente actuacion
Nichole Arroyo,Linda Brown,3,20/08/1963,Su presencia en pantalla fue cautivadora
Brooke Wilson,Jessica Jones,3,13/07/1973,Gran trabajo
Dr. Dwayne Cruz,Barbara Rodriguez,3,16/02/1984,Me encanto su actuacion
Emily Martin,Nancy Clark,2,07/03/1968,Increible interpretacion
Diana Russell,Richard Taylor,4,09/11/1975,Su actuacion fue memorable
Kevin Edwards,Daniel Johnson,2,05/02/1933,Realmente se destaco en su papel
Eric Huffman,Joseph Miller,3,02/09/1904,Realmente se destaco en su papel
William Mcintyre,David Williams,4,12/01/1972,Su talento es evidente en cada escena
Mariah Wolf,Thomas Robinson,4,16/04/1919,Su talento es evidente en cada escena
Austin Martinez,Jessica Jones,2,01/02/1999,Una actuacion magistral
Joseph Cline,Barbara Jackson,3,11/08/1975,Brillante desempeno
Karina Charles,William Anderson,5,30/07/1974,Gran trabajo
Matthew Davis,Jennifer Lee,1,23/11/1900,Su presencia en pantalla fue cautivadora
Heather Craig,Daniel Young,2,12/10/1993,Su talento es evidente en cada escena
Christine Murray,Margaret Miller,2,06/10/2002,Me encanto su actuacion
Angela White,William Thomas,4,06/08/1914,Su actuacion fue elogiada por su autenticidad y compromiso.
Julie Lane,Karen Garcia,4,28/11/1931,Su talento es evidente en cada escena
Riley Brewer,David Smith,4,13/07/1966,Excelente actuacion
Cindy Winters,John Harris,3,08/12/1953,Gran trabajo
Emily Morgan,Mark Robinson,2,29-2-2003,Realmente se destaco en su papel
Travis Huber,Matthew Jones,5,07/04/1981,Su talento es evidente en cada escena
Diana Russell,Barbara Lewis,2,18/07/1973,Su actuacion fue el corazon de la pelicula
Michelle Day,Mark Robinson,3,01/01/1915,Destaco en cada escena
Shelly Harper,Linda Lee,3,08/07/1941,Su presencia en pantalla fue cautivadora
Scott Spencer,Barbara Johnson,3,29/09/1900,Excelente actuacion
Andrea Byrd,Joseph Thomas,3,14/03/1974,Destaco en cada escena
