start_node_id,end_node_id,properties.Rating,properties.DateRated,properties.Recommended
Shelia Miller,Progressive next generation matrices,4,1997-4-17,True
Craig Watson,Devolved solution-oriented complexity,4,1996-4-26,False
Samantha Hernandez,Public-key zero tolerance encryption,4,2016-5-17,False
Renee Gomez,Operative optimal ability,5,1992-1-24,False
Brittany Sims,Advanced modular groupware,4,1999-3-19,False
Robert Dunlap,Open-source value-added ability,2,1996-12-3,True
Samuel Jackson,Realigned responsive approach,5,1993-7-25,True
Stephen Scott,Assimilated multimedia structure,4,2015-11-27,False
Monique Murphy,Profit-focused hybrid utilization,1,2009-12-26,False
Jerry Bowen,Assimilated even-keeled encoding,3,2013-3-26,True
Jacob Simmons,Secured needs-based policy,5,2007-1-20,True
Andrea Byrd,Open-architected transitional instruction set,1,1990-10-5,True
Steve Wilkerson,Decentralized high-level artificial intelligence,3,2009-3-14,True
Megan Harmon,Balanced eco-centric conglomeration,2,1991-3-19,False
Cathy Bell,Team-oriented optimal analyzer,1,1991-9-21,False
Michele Alvarado,Digitized contextually-based array,3,1993-10-20,False
Laura Nicholson,Pre-emptive grid-enabled migration,5,2000-10-22,False
Vanessa Ortiz,Balanced client-server encryption,1,2009-5-5,True
Cindy Ross,Cloned multi-state contingency,4,1990-6-13,False
Sandra Carson,Implemented system-worthy frame,1,2018-7-21,False
Ryan Cook,Open-architected clear-thinking intranet,4,2012-7-23,False
Kathleen Diaz,Persistent client-server artificial intelligence,3,1992-7-22,True
Tyler Bush,Visionary multi-tasking neural-net,4,1994-9-22,False
Kyle Burke,Compatible systemic throughput,3,2020-5-20,False
Lisa Porter,Streamlined non-volatile frame,3,1991-4-11,True
Vanessa Lewis,Intuitive fault-tolerant intranet,5,1995-9-20,False
Alexis White,Visionary intermediate approach,5,2007-10-14,False
Joel Johnson,Advanced leadingedge encryption,2,2001-3-10,True
Kevin Brown,Devolved interactive alliance,3,1995-6-25,False
Mrs. Nicole Stevens,Customizable scalable intranet,5,2008-8-18,True
Jessica Miller,Fundamental hybrid strategy,4,2017-11-28,False
Mr. Robert Hawkins,Multi-layered interactive moratorium,4,1995-1-18,True
Cindy Dunn,Mandatory systematic firmware,1,2006-8-9,False
Daniel Heath,Up-sized stable flexibility,2,2010-7-21,True
Karen Brown,Distributed logistical alliance,3,2001-4-23,False
Melissa Deleon,Persistent fresh-thinking algorithm,5,1990-10-4,True
Rebekah Miller,De-engineered bottom-line workforce,3,2014-7-21,True
Matthew Taylor,Devolved object-oriented info-mediaries,2,1992-2-24,False
Jennifer Robinson,Visionary logistical utilization,5,2004-4-26,True
Andrew Baker,Devolved object-oriented info-mediaries,1,2003-4-21,True
Keith Hunt,Focused client-driven orchestration,1,2016-6-7,True
Tammy Owens,Mandatory neutral hardware,3,1999-1-19,True
Emily Nolan,Distributed multi-state monitoring,3,2011-1-28,False
Rebecca Salazar,Intuitive encompassing challenge,4,2004-8-23,True
Bryce Roberson,Open-source radical portal,2,1996-7-27,True
Denise Jackson,Switchable bifurcated artificial intelligence,5,1994-4-28,False
Jill Douglas,Optional systemic standardization,5,2006-6-23,False
Joseph Trujillo,Quality-focused object-oriented synergy,1,2001-10-4,True
Logan Roberts,Polarized radical solution,4,2002-9-28,False
Janet Carson,Fully-configurable didactic application,3,2013-7-13,False
Jill Dunn,Realigned zero-defect interface,1,1995-12-6,False
Kristen Harrison,Integrated 24hour adapter,5,2007-9-6,False
Julie Douglas,Configurable maximized algorithm,1,2011-3-2,True
Lauren Olson,Devolved client-server attitude,4,2008-8-5,True
Cathy Bell,De-engineered analyzing success,2,1991-6-9,True
Brittany Freeman,Automated attitude-oriented initiative,1,2002-2-26,False
Lori Williams,Customer-focused next generation model,1,1990-8-4,True
Jessica Bowen,Multi-lateral 24/7 contingency,5,2005-2-22,True
Vickie Wells,Right-sized uniform encoding,2,1995-12-5,True
Kristy Alexander,Profound needs-based parallelism,5,2002-3-8,True
Phillip Anderson,Triple-buffered dedicated archive,4,2020-7-16,True
Cheryl Garcia,Proactive leadingedge migration,4,2019-3-5,True
Jennifer Wall,Universal zero tolerance implementation,2,1997-8-21,False
Christine Cruz,Reduced bifurcated paradigm,2,1999-9-13,False
Shelly Harper,Versatile asymmetric array,3,1991-11-24,False
Michael Thomas,Persevering exuding hardware,5,1995-3-13,False
Scott Fritz,Proactive secondary throughput,1,2008-3-7,True
William Kidd,Quality-focused contextually-based structure,4,2013-11-6,False
Dr. Steven Mann,Multi-channeled 24/7 projection,2,2003-9-27,False
Jessica Navarro,Visionary cohesive middleware,1,1995-6-6,True
David Vazquez,Robust 6thgeneration service-desk,3,2019-12-10,True
Jessica Rivera,Customer-focused fault-tolerant function,2,2018-10-1,False
Stephen Matthews,Multi-lateral bifurcated Local Area Network,5,1993-12-7,True
John Hamilton,Persistent homogeneous artificial intelligence,2,1995-11-20,True
Richard Long,Team-oriented zero-defect solution,1,1991-4-16,True
Tracey Montoya,Assimilated human-resource strategy,2,2018-12-10,False
Taylor Osborn,Sharable systemic policy,2,2012-1-10,True
Michael Andrews,Compatible optimal forecast,3,2013-10-24,False
Megan Williams,Synergistic static Graphic Interface,3,1993-5-9,True
Christie Jordan,Synergistic transitional task-force,2,2015-9-10,True
Thomas Martinez,Robust 6thgeneration service-desk,2,1993-6-28,True
Amy Oconnor,Expanded well-modulated circuit,1,1999-7-13,True
Shelly Harper,Customizable 5thgeneration process improvement,2,2004-12-12,False
Gabrielle Hopkins,Operative explicit open architecture,4,2015-12-19,True
Troy Zamora,Reduced radical analyzer,5,2011-6-21,True
Jeremy Perez,Cloned zero administration conglomeration,5,1997-8-4,True
David Williams,Integrated high-level Graphic Interface,4,2013-2-19,True
Donald Boyd,Streamlined dedicated structure,2,1995-7-1,True
Dr. Jonathan Baxter,Multi-channeled 5thgeneration orchestration,2,2008-1-15,True
George Nguyen,Proactive secondary throughput,3,1990-4-12,True
Dawn Allen,Front-line attitude-oriented project,2,2015-2-24,True
Gabrielle Hopkins,Re-engineered analyzing open architecture,3,1993-2-27,True
Joseph Gomez,Exclusive eco-centric projection,5,2004-11-17,False
Jasmine Garza,Proactive secondary throughput,3,1998-6-19,True
Stephanie Hudson,Right-sized needs-based middleware,3,1992-8-27,False
Sherry Watson,Fundamental stable challenge,3,1996-4-9,False
Joshua Williams,Adaptive reciprocal contingency,4,2008-9-25,False
Brent Avery,Intuitive fault-tolerant intranet,3,2011-3-21,True
Chad Patel,Reduced actuating application,5,1993-8-8,True
Thomas Gonzales,User-friendly coherent Local Area Network,3,2014-3-22,True
Derek Cannon,Intuitive object-oriented model,5,2017-12-12,False
Samuel Robinson,Front-line regional structure,2,1998-3-23,False
Erin Harris,Profound client-driven flexibility,2,1995-11-16,True
Anthony Bell,Exclusive static migration,4,2010-6-14,False
Stephen Wright,Customer-focused needs-based portal,3,1997-1-2,False
Steven Lawrence,Automated system-worthy website,4,1999-3-9,False
Phillip Anderson,Customizable contextually-based protocol,3,2008-12-27,False
Meagan Brown,Implemented demand-driven conglomeration,4,2018-12-15,True
Brandon Brennan,Secured neutral open architecture,3,2005-7-16,False
Brittany Sims,Optional intermediate info-mediaries,5,2017-1-17,False
Mr. Jose Jones,Polarized web-enabled matrix,4,2011-11-19,True
Timothy Price,Right-sized optimal conglomeration,1,1996-3-18,True
Kathleen Garcia,Synergistic actuating extranet,4,2017-3-11,False
Jennifer Sanchez,Team-oriented homogeneous firmware,1,2011-3-11,False
Jamie Parker,Realigned 24hour attitude,5,1990-6-14,False
Christopher Gutierrez,De-engineered full-range framework,3,2012-1-13,False
Scott Harris,Secured needs-based policy,2,1997-2-14,True
Jamie Franklin,Secured directional functionalities,5,1999-10-16,False
Benjamin Walton,Secured heuristic challenge,2,2019-6-23,False
Ian Martin,Customizable 5thgeneration process improvement,2,1992-8-8,True
Tyler Smith,Implemented holistic array,5,2012-12-12,False
Evan Sampson,Pre-emptive static approach,3,2019-5-19,True
Brett Baker,De-engineered heuristic definition,3,1991-5-27,False
Cory Harrison,Networked global customer loyalty,1,2005-10-4,True
Carlos Hernandez,Intuitive national support,2,2009-3-18,True
Brenda Cruz,Cloned radical firmware,5,2005-11-27,True
Robert Manning,Fully-configurable real-time matrix,4,2001-9-3,False
Kaitlyn Marshall,Programmable regional success,2,1991-8-25,False
Thomas Willis,Advanced transitional archive,5,2010-1-4,True
Kevin Baker,Cross-group human-resource Internet solution,5,2001-9-12,True
Cheryl Garcia,Realigned zero-defect interface,4,2009-9-24,True
Jennifer Lewis,Reactive regional Local Area Network,5,2015-11-23,True
Debra Warner,Integrated logistical instruction set,3,2011-12-9,True
Jacob White,Customer-focused value-added algorithm,2,2019-5-5,True
Curtis Graham,Phased 6thgeneration conglomeration,5,2015-10-18,True
Matthew Gray,Business-focused tertiary challenge,3,2012-4-18,False
Rebecca Salazar,Operative human-resource adapter,1,1998-1-2,False
Nicole Watson,Vision-oriented bifurcated encryption,2,1999-10-1,False
Peggy Fields,Organic systematic application,1,1994-1-5,True
Brittney Glover,Organized neutral ability,5,1995-9-6,True
Tina Combs,Grass-roots fault-tolerant throughput,2,1996-5-26,True
Debra Fields,Fundamental heuristic array,5,1993-7-19,False
Chelsea Campbell,Cross-platform solution-oriented intranet,2,1990-11-1,True
Valerie Garcia,Extended coherent neural-net,1,2019-9-2,True
Paula Davis MD,Customizable intangible projection,2,2008-5-6,True
Lindsay Harris,Cloned foreground approach,2,2011-2-23,True
Vicki Woods,Reactive 4thgeneration approach,1,1990-10-1,False
Roger Johnson,Focused tertiary conglomeration,1,2003-5-10,True
Megan Everett,Up-sized directional analyzer,4,2013-9-10,True
Samantha Moore,User-friendly coherent Local Area Network,1,1990-7-11,False
Randy Price,Persevering well-modulated help-desk,3,2017-2-9,True
Miranda Swanson,Persistent heuristic strategy,2,2013-8-5,False
Tara Key,Networked composite capability,2,1996-3-4,False
Tasha Olsen,Enhanced dynamic portal,2,2005-3-28,True
Anthony Hayes,Stand-alone uniform capability,2,2017-11-1,False
William Aguirre,Multi-channeled optimizing projection,4,2018-3-9,True
Marvin Brandt,Team-oriented zero-defect solution,5,2010-11-1,False
Ryan Chavez,Right-sized optimal conglomeration,3,1990-12-27,False
Todd Green,Seamless user-facing Local Area Network,2,1995-3-5,False
Kevin Jones,Centralized didactic middleware,1,2001-2-3,False
Christopher Velez,Switchable bifurcated artificial intelligence,5,2002-2-25,False
Melissa Butler,Organized neutral ability,4,2005-8-17,True
Angel Campbell,Customizable 6thgeneration archive,1,1992-8-17,True
Diana Anthony,Team-oriented background model,3,2016-7-9,False
Laura Nicholson,Cross-platform 3rdgeneration functionalities,1,2014-7-23,False
Michelle Roberts,Digitized actuating success,2,1999-5-24,True
Chase Gonzalez,Polarized solution-oriented concept,3,2015-4-13,True
Mr. Christopher Shah DDS,Intuitive heuristic architecture,2,2018-3-15,False
Pamela Shaw,De-engineered analyzing success,2,2003-6-20,False
Melinda Merritt,Sharable real-time firmware,1,2003-4-25,True
Deborah Allen,Managed contextually-based protocol,1,2019-5-4,True
Derrick Hampton,Ameliorated mission-critical Internet solution,1,1993-8-19,False
Nathaniel Terrell,Multi-layered human-resource task-force,1,2014-6-24,False
Michele Alvarado,Vision-oriented regional portal,3,1993-5-13,True
Samantha Miller,Devolved directional service-desk,5,2015-9-13,False
Andrea Little,Optional intermediate info-mediaries,2,2020-3-16,False
Nathaniel Stewart,Realigned local attitude,4,1993-8-10,False
Melissa Meyer,Down-sized multi-tasking Graphic Interface,5,2009-10-11,False
Connie Stokes,Open-source global task-force,5,2018-1-15,True
Alex Blackburn,De-engineered zero tolerance algorithm,2,1990-12-8,True
Allen James,Face-to-face holistic database,3,2016-7-7,True
Joshua Williams,Automated holistic encryption,3,2020-9-4,False
Jimmy Franco,Balanced fresh-thinking adapter,3,1995-12-28,False
Steve Hayes,Multi-tiered well-modulated policy,4,2019-5-16,True
Mary Clark,Open-source zero-defect framework,5,2003-4-4,False
Brenda Cole,Down-sized demand-driven synergy,2,2007-2-6,True
Thomas Willis,Decentralized empowering ability,1,2005-2-17,True
Cynthia Parsons,Multi-lateral 24/7 contingency,4,1994-2-1,False
Angela Santana,Balanced bottom-line artificial intelligence,3,2004-9-16,False
Mario Brown,Fully-configurable non-volatile circuit,1,1995-1-2,False
Jeremy Murphy,Secured impactful hierarchy,4,1995-8-13,False
Cole Harris,Total tangible strategy,2,2009-5-22,False
Shawn Neal,Balanced fresh-thinking adapter,5,2000-6-3,True
Jacob Simmons,Reverse-engineered mobile interface,2,1994-8-1,False
Travis Huber,Reverse-engineered holistic software,2,2005-12-20,True
Alyssa Andrews,Networked mobile migration,3,1999-9-21,False
Shannon Maxwell,Vision-oriented secondary info-mediaries,2,2008-8-20,True
Christopher Velez,Inverse homogeneous superstructure,2,2010-12-26,False
Brenda Cole,Phased zero-defect approach,2,1991-10-15,False
Charles Martinez,Seamless systemic database,4,2008-9-23,True
Angela Nichols,Streamlined bottom-line hierarchy,2,2014-6-5,True
Lindsay Harris,Face-to-face regional capacity,2,2005-10-8,False
Karen Lopez,Triple-buffered actuating initiative,5,2002-5-19,True
Sean Ayala,Multi-lateral scalable structure,4,1997-4-19,True
Gary Williams,Persevering fresh-thinking utilization,1,2008-9-4,False
Susan Carpenter,Devolved coherent software,2,2018-3-1,True
Marisa Martinez,Decentralized empowering ability,3,1993-8-7,True
Michael Ewing,Up-sized stable flexibility,4,1990-10-27,False
Michael Trujillo,Operative regional open system,5,2003-3-15,True
Anna Nelson,Multi-lateral 3rdgeneration open architecture,4,1996-8-3,False
Robert Wolfe,Function-based multi-state conglomeration,5,2005-2-12,False
Lindsay Harris,Total user-facing standardization,5,1991-11-22,False
Rhonda Anderson,Synergistic motivating solution,1,2001-1-27,False
Joseph Gomez,Future-proofed 5thgeneration task-force,2,1995-3-6,False
Rebecca Hess,Seamless multi-tasking parallelism,1,2014-8-27,True
Daniel Yoder,Profound bifurcated flexibility,5,1996-8-2,True
Karen Patton,Customizable bi-directional policy,2,2000-2-9,True
Patricia Murray,Universal demand-driven encryption,5,1996-9-28,True
Valerie Choi,Visionary motivating website,3,2005-9-14,True
Gabrielle Hopkins,Upgradable executive frame,2,2018-3-23,False
Mr. Christopher Shah DDS,Face-to-face incremental framework,3,2004-6-11,False
Michaela Underwood,Robust context-sensitive Graphical User Interface,2,2014-3-15,True
Christopher Miller,Multi-layered interactive moratorium,5,2003-8-11,True
Kayla Mcclain,Secured heuristic challenge,2,1996-8-11,False
David Ayala,Multi-layered bottom-line info-mediaries,2,2017-11-13,False
Mrs. Theresa Hall,Profit-focused user-facing encryption,2,2016-6-13,True
Joseph Trujillo,Adaptive reciprocal contingency,5,2014-5-11,True
Jon Jones,Secured needs-based policy,5,2008-12-13,False
Colleen Byrd,Fundamental intermediate alliance,4,2020-9-6,True
Antonio Price,Upgradable tertiary application,2,2007-10-17,False
Rick Rush,Team-oriented background model,4,1999-6-24,False
Jonathan Clarke,Configurable didactic time-frame,2,2015-12-22,True
Nicole Cox,Profound bifurcated flexibility,5,2013-1-27,False
Lisa Harris,Programmable regional success,2,2001-3-8,False
Jerry Arroyo,Visionary next generation circuit,5,2014-4-25,True
Kimberly Holmes,Open-architected mission-critical system engine,1,2006-6-5,True
Rebecca Moore,Front-line regional structure,1,2008-6-8,False
Kimberly Diaz,Profit-focused hybrid utilization,3,2011-3-9,False
Christopher Wilson,Triple-buffered fault-tolerant task-force,4,1998-12-11,False
Cory Jefferson,Streamlined foreground conglomeration,2,2001-7-14,False
William Zimmerman,Public-key discrete archive,1,2007-1-6,False
James King,Reverse-engineered 5thgeneration groupware,4,1992-3-16,False
Cheryl Delacruz,Organized dynamic leverage,4,1997-9-25,True
Mark Mckinney,Business-focused executive parallelism,1,2007-1-6,False
Barry Meza,Pre-emptive didactic customer loyalty,3,2004-9-1,True
Christine Callahan DDS,Proactive secondary throughput,3,2017-8-7,True
James Larson,Automated background secured line,5,2016-6-18,True
Amber Jones,Balanced motivating interface,1,1994-8-14,False
Daniel Moore,Public-key value-added policy,5,2010-4-7,False
David Gonzales,Reduced bifurcated paradigm,2,2013-8-19,False
Margaret Wyatt,Right-sized optimal conglomeration,5,2003-12-15,True
Robyn Johnson,Customizable intangible projection,3,2009-10-16,False
Javier Estrada,User-friendly local contingency,4,1996-5-20,True
Tammy Mahoney,Reverse-engineered 5thgeneration groupware,1,2005-2-3,True
Michele Willis,Assimilated upward-trending solution,1,2014-10-15,True
Lauren Richards,Configurable methodical Graphical User Interface,4,1991-1-14,True
Sandra Nguyen,Mandatory didactic frame,5,2014-6-28,False
Thomas Willis,Innovative executive toolset,2,2011-3-20,False
Julie Lane,Focused asynchronous software,2,2017-5-24,True
Joshua Bailey,Customizable secondary support,2,1993-12-15,True
Thomas Wells,Down-sized multi-tasking Graphic Interface,1,2014-11-14,True
Denise York,Phased 6thgeneration conglomeration,1,2016-6-23,False
Travis Green,Intuitive national support,3,1992-9-4,False
Joseph Diaz,Future-proofed local productivity,3,2014-9-18,False
Sarah Lamb,Down-sized encompassing time-frame,5,2002-11-20,False
Susan Clark,Synergistic motivating solution,3,2002-12-27,False
Mr. Cory King,Cross-group asynchronous Internet solution,5,2000-3-28,False
Crystal Massey,Upgradable neutral hub,2,2003-2-18,False
Christopher Buckley,Persevering clear-thinking conglomeration,4,2007-10-12,True
Jesse Gonzales,Self-enabling full-range encoding,4,1995-9-3,False
Benjamin Moon,Fundamental demand-driven leverage,5,1995-3-28,True
Gregory Walker,Re-engineered 5thgeneration matrix,5,2018-8-18,True
Michaela Underwood,Focused hybrid knowledge user,5,2003-5-25,False
Tiffany Watson,Enhanced zero-defect firmware,2,2009-9-20,False
Christopher Haynes,Right-sized incremental archive,2,2013-5-20,True
Cindy Powell,Function-based client-server projection,2,1993-5-3,True
Tracy Harper,Customizable regional contingency,3,2009-8-13,False
Lisa Porter,Object-based eco-centric hardware,1,1992-7-22,True
Diana Jacobson,Self-enabling asymmetric knowledge user,2,2014-11-3,False
Barbara Smith,Quality-focused reciprocal middleware,5,2011-1-26,True
Tanya Orozco,Reactive regional Local Area Network,3,1996-7-5,False
Timothy Daniels,Right-sized uniform encoding,1,2001-8-16,False
Krystal Weeks DDS,Sharable systemic collaboration,3,2008-3-9,False
Sarah Butler,Switchable multi-state knowledgebase,5,2006-4-22,True
Danny Scott,Customizable secondary support,5,2002-2-11,True
Kristen Harrison,Enterprise-wide bi-directional definition,5,2008-8-17,True
Tony Taylor,Digitized contextually-based array,5,2011-12-18,False
Nichole Arroyo,Centralized transitional policy,4,2019-12-16,True
Michael Harrington,Versatile cohesive portal,1,2016-7-24,False
Ricardo Murphy,Multi-layered system-worthy utilization,2,1995-7-16,True
Dana Melton,Organized clear-thinking policy,2,2006-12-25,True
Jonathan Ferguson,Up-sized stable flexibility,1,2013-9-21,False
Anna Smith,Multi-tiered client-driven success,5,2002-11-13,True
Jose Hanna,Optional composite Local Area Network,5,1991-8-22,True
Timothy Campos,Proactive leadingedge migration,5,1994-7-1,True
Michael Ewing,Triple-buffered static Local Area Network,5,2011-9-24,False
Erica Sanchez,Universal responsive definition,2,1997-11-1,True
Cory Brown,Team-oriented directional moratorium,2,1995-2-16,True
Madeline Morris,Exclusive grid-enabled capacity,3,2016-9-16,False
Michael Ortiz,Re-contextualized impactful flexibility,4,2000-12-10,False
Karen Jenkins,Configurable transitional product,1,1991-6-13,False
Rebekah Miller,Centralized logistical emulation,3,2004-9-12,True
Diana Merritt,Compatible holistic service-desk,1,2018-7-19,True
Heidi Martin,Open-architected motivating Graphical User Interface,1,2006-5-14,True
Brendan Cannon,Team-oriented background model,4,1994-9-28,True
Mary Perez,Robust motivating array,5,2006-7-4,False
Ashley Walker,Function-based encompassing capacity,5,1992-12-27,True
Angel Arnold,Enhanced high-level hardware,4,1993-11-21,False
Stephen Lewis,Digitized bottom-line firmware,1,1995-10-7,False
John Huynh,Focused content-based intranet,1,2019-9-6,False
Jessica Ward,Realigned leadingedge hierarchy,5,2014-10-24,False
Brianna Robinson,User-friendly coherent Local Area Network,1,2019-4-19,True
Craig Watson,Multi-lateral 6thgeneration contingency,3,2019-8-18,False
Allen James,Devolved dynamic projection,5,2019-12-15,True
Gregory Taylor,Re-engineered didactic Graphical User Interface,1,2015-6-21,True
Randy Burns,Total tangible strategy,4,1995-2-22,False
Colleen Byrd,Intuitive fault-tolerant intranet,2,2014-1-13,True
John Patel,Persevering 6thgeneration paradigm,5,2012-12-12,False
Daniel Franklin,Customer-focused needs-based portal,5,1997-6-4,False
Courtney Cruz,Devolved transitional access,4,2003-8-13,False
Lori Williams,Operative radical benchmark,3,1994-8-24,False
Vicki Woods,Vision-oriented impactful algorithm,3,2000-1-26,True
Danny Barrera,Diverse zero tolerance synergy,5,2020-2-12,True
Mrs. Krystal Sanchez,Synergized even-keeled paradigm,3,1990-10-28,False
Steven Kelly,Reactive interactive structure,1,2012-12-24,False
Phillip Anderson,Intuitive heuristic architecture,2,2009-8-6,False
Cindy Wilson,Grass-roots interactive throughput,4,2006-5-25,False
Melanie Phillips,Mandatory optimal toolset,3,1993-6-23,True
James Lopez,User-centric upward-trending data-warehouse,1,2008-8-4,True
Victoria Pennington,Advanced radical implementation,1,2001-8-21,False
Lori Henderson,Intuitive bottom-line definition,1,2003-9-21,True
Rebecca Hill,Grass-roots fault-tolerant frame,3,2019-1-20,False
Regina Williams,User-friendly local contingency,2,1996-5-18,False
Morgan Rodriguez,Profound needs-based parallelism,5,2009-12-1,True
Nancy Park,Seamless systemic database,3,2009-10-16,False
Cory Harrison,Object-based regional flexibility,1,1996-6-14,False
Jennifer Ramirez,Organic systematic application,2,1995-10-15,True
Regina Frye,Multi-channeled grid-enabled definition,4,2015-6-9,False
Edward Perez,Customer-focused demand-driven success,3,1994-2-12,True
Lisa Richards,Organized systematic middleware,3,2002-1-15,True
Amanda Hester,Cross-platform mission-critical flexibility,2,2016-12-5,False
Dr. Kathryn Brown MD,Automated dedicated moratorium,3,2019-8-20,True
Kelly Mendoza,De-engineered modular system engine,4,2017-3-22,False
Gregory Taylor,Versatile upward-trending forecast,4,2013-4-17,False
Nathaniel White,Pre-emptive didactic customer loyalty,2,1990-9-12,True
Nichole Munoz,Customizable 6thgeneration archive,4,2018-1-9,True
Richard West,Re-contextualized non-volatile analyzer,5,2011-9-23,True
Stephanie Bush,Assimilated human-resource strategy,4,1996-11-22,True
Melissa Deleon,Universal demand-driven encryption,1,1991-12-15,False
Mary Perez,Persistent client-server artificial intelligence,4,2006-2-8,False
Steve Hayes,Operative bifurcated throughput,3,2016-4-9,False
Timothy Richardson,Synergized even-keeled paradigm,4,2010-1-18,False
Kristina Morgan,Cloned radical process improvement,3,2009-2-25,False
Ashley Stevens,Enhanced foreground process improvement,4,1991-7-15,False
Kyle Chavez,Profound client-driven flexibility,5,2014-2-5,True
Nicole Neal,Fully-configurable 24hour capacity,4,2019-11-4,False
Cassandra Rivera,Switchable next generation info-mediaries,5,2017-2-27,False
Michele Willis,Automated attitude-oriented initiative,3,1991-3-27,False
Cheryl Perry,Profit-focused intermediate support,4,2015-3-4,True
David Weber,Enterprise-wide local data-warehouse,2,2004-6-2,True
Victoria Pennington,Persevering fresh-thinking utilization,4,1993-5-14,True
Nicholas Serrano,Pre-emptive clear-thinking system engine,2,2015-3-11,False
Michele Willis,Centralized scalable task-force,4,2006-4-10,True
William Gross,Seamless multimedia system engine,1,2004-11-23,False
Mark Watson,Open-architected incremental secured line,5,1993-10-16,False
Cindy Ross,Compatible systemic throughput,1,1995-5-4,True
Stephen Nelson,Front-line context-sensitive website,4,1993-12-2,True
David Rodriguez,Programmable multimedia benchmark,1,2005-3-27,False
William Herman,Enhanced needs-based firmware,4,1993-11-25,True
Brianna Robinson,Focused asynchronous software,4,2009-7-26,False
Kristin Shepard,De-engineered systemic standardization,3,2010-3-14,False
Robert Woods,User-centric regional project,3,2018-9-1,True
Seth Calderon,Inverse clear-thinking groupware,5,2002-3-14,False
Jeffery Dougherty,Synergistic upward-trending Local Area Network,5,2013-2-13,True
Mary Williams,Multi-layered motivating array,3,2001-8-11,True
Frank Summers,Multi-channeled dynamic monitoring,5,1992-11-18,False
Sara Price,De-engineered systemic standardization,1,2018-9-18,True
Carlos Hernandez,Synergistic static Graphic Interface,1,2003-8-10,True
Todd Green,Synergistic motivating solution,5,2011-11-8,False
Amy Cortez,Re-engineered explicit architecture,2,2010-10-28,True
Robert Manning,Open-source optimizing paradigm,3,2002-2-18,False
Michaela Underwood,Re-engineered context-sensitive superstructure,1,1993-11-11,True
Timothy Hooper,De-engineered modular system engine,4,2005-3-16,True
Jason Reynolds,Profound attitude-oriented frame,3,1999-11-19,False
Emily Nichols,Object-based non-volatile paradigm,2,2006-3-18,False
Anthony Smith,Balanced systemic methodology,5,2009-3-13,True
Robert Harvey,Synergistic static Graphic Interface,2,2018-3-19,True
Shelia Miller,Seamless multimedia system engine,1,2000-8-16,False
Brooke Wilson,Persistent homogeneous artificial intelligence,1,1998-1-23,False
Todd Small,Pre-emptive clear-thinking system engine,2,1991-9-8,False
William Aguirre,Team-oriented zero-defect solution,5,1994-9-15,True
Christopher Long,Right-sized upward-trending solution,1,2020-9-12,False
Mr. Jacob Larson,Visionary motivating website,4,1999-3-27,False
Patrick Fields,Assimilated zero-defect analyzer,5,1997-9-16,True
Jeremy Simpson,Reduced bifurcated paradigm,1,2001-12-21,False
Kimberly Holmes,Switchable homogeneous encoding,2,2010-6-3,False
Kevin Sullivan,Stand-alone uniform capability,5,2015-2-12,True
Janet Lloyd,Streamlined bottom-line hierarchy,4,1996-6-12,False
Michael Ramirez,Virtual asymmetric policy,2,2015-12-23,False
Kristina Morgan,Enhanced foreground process improvement,3,1991-8-20,False
Monica Hernandez,Reverse-engineered holistic software,2,2006-4-1,True
Nicholas Serrano,Inverse 6thgeneration collaboration,1,1990-12-4,False
Michelle Evans,Visionary intermediate approach,2,2011-11-20,True
Todd Simmons,Configurable leadingedge Graphical User Interface,4,2013-10-15,True
Michael Bowen,Persevering exuding hardware,3,1993-1-21,False
Teresa Hughes,Quality-focused object-oriented synergy,3,1990-1-25,True
Richard Smith,Object-based reciprocal throughput,5,1991-10-21,False
Katrina Curtis,Managed heuristic strategy,5,2000-10-11,True
Antonio Price,Synergistic upward-trending Local Area Network,2,2002-1-19,False
Mrs. Sandra Rogers MD,Right-sized context-sensitive hierarchy,3,2007-9-10,False
James Hardin,Programmable multimedia benchmark,4,2019-3-15,True
Joseph Ramirez,Re-engineered methodical knowledgebase,4,1993-12-1,False
Gabrielle Hopkins,Reverse-engineered mobile interface,3,2002-4-21,False
Vanessa Campbell,Vision-oriented impactful algorithm,1,1990-6-3,False
Jacob Harris,Seamless multi-tasking parallelism,1,2008-3-1,False
Jeffrey Garrett,Advanced 3rdgeneration migration,1,1998-4-22,False
Steven Taylor,Focused didactic paradigm,1,2010-8-10,False
Jennifer Campbell,Expanded explicit workforce,4,2016-3-5,True
Jason Miller,Switchable upward-trending migration,5,2014-8-4,False
Jacob Simmons,Profound client-driven flexibility,4,2016-4-13,True
Paul Williams,Managed motivating firmware,2,2007-11-26,False
Olivia Ali,Cloned explicit adapter,5,1999-4-13,True
Donna Castro,Grass-roots dynamic alliance,3,2014-9-22,True
Christopher Mcbride,Cloned cohesive collaboration,1,2017-6-6,False
Miss Lynn Santos,Robust motivating migration,3,2002-2-16,False
Dawn Barnes,Profound motivating artificial intelligence,1,1992-9-8,False
Kristen Benjamin,Total user-facing standardization,3,2011-7-16,True
Crystal Davis,Team-oriented maximized website,5,2011-3-2,True
Matthew Thomas,Advanced leadingedge encryption,1,2009-11-10,True
Juan Brown,Quality-focused reciprocal middleware,3,2016-6-27,False
Nicole Watson,Multi-lateral foreground service-desk,5,1998-2-11,False
Eric Oliver,Assimilated upward-trending solution,4,2015-6-1,False
Jessica Gardner,Balanced full-range synergy,2,1997-5-4,False
Justin Ray,Optimized asynchronous success,2,2000-3-21,False
Samantha Hernandez,Versatile executive paradigm,1,2010-8-24,True
Allen James,Diverse 24/7 standardization,5,1997-5-14,True
Anthony Bell,Compatible zero-defect encryption,4,2007-7-14,True
Leonard Le,Balanced eco-centric conglomeration,4,2013-7-20,False
Madison Bradley,Right-sized context-sensitive hierarchy,5,2009-11-4,False
Cory Harrison,Re-engineered 5thgeneration matrix,2,2005-3-19,False
Mr. Cory King,Vision-oriented regional portal,2,2019-12-8,False
Kristen Harrison,Reactive 24hour system engine,4,1997-12-18,False
Jennifer Romero,Automated well-modulated architecture,1,2011-5-14,False
Todd Rios,Pre-emptive solution-oriented success,2,2006-1-14,False
Anthony Doyle,Versatile 24/7 framework,5,2002-12-15,False
Lisa Harrison,Centralized client-server superstructure,2,2007-7-14,False
Russell Hudson,Upgradable executive frame,5,2011-7-8,True
Peter Dixon,Fundamental stable challenge,5,1990-8-14,True
Deanna Moran,Polarized object-oriented function,3,2009-10-19,True
Justin Christian,Organized dedicated middleware,3,2000-2-8,True
Morgan Pacheco,Polarized composite data-warehouse,1,1997-5-24,True
Kimberly Johnson,Automated well-modulated architecture,4,2020-3-22,False
Jeffrey Wilkins,Expanded heuristic initiative,3,2011-8-2,False
Jacob Johnson,Profound regional installation,4,2010-6-2,False
Shawn Harris,Profit-focused interactive strategy,2,1996-2-12,False
Mallory Brown,Balanced bottom-line artificial intelligence,1,2003-11-1,True
Brittney Johnson,Persistent user-facing hardware,2,1998-9-9,False
Mark Baker,Intuitive background extranet,4,1990-2-3,False
Morgan Pacheco,Multi-layered bottom-line info-mediaries,5,2000-11-4,False
Sara Mccoy,Re-contextualized heuristic hardware,4,1998-4-19,True
Paul Good,Customer-focused fault-tolerant function,4,2009-9-20,True
Riley Brewer,Object-based scalable algorithm,5,2016-12-23,False
Louis Smith,Visionary logistical utilization,2,2001-7-12,False
Mr. Christopher Jones,Streamlined system-worthy architecture,5,2018-8-12,False
Ashley Davis,Polarized local utilization,2,1996-5-14,False
Kyle Chavez,Stand-alone methodical interface,4,2010-6-1,False
David Baldwin,Secured transitional architecture,5,1996-3-23,False
Robert Kent,Visionary solution-oriented emulation,3,2016-6-11,False
Jamie Franklin,Enterprise-wide directional intranet,3,2012-8-8,True
Shannon Harris,Re-engineered background array,5,1993-1-23,False
Chad Patel,Progressive background parallelism,3,2014-11-7,False
Amy Walker,Phased fresh-thinking matrix,1,2013-5-12,True
Rebecca Bryant,Mandatory high-level policy,1,2019-8-4,True
Deanna Jenkins,Ergonomic heuristic artificial intelligence,3,2000-4-28,True
Steve Hayes,Devolved transitional access,4,1997-5-10,True
Frank Summers,Automated well-modulated architecture,2,2004-10-23,True
Joshua Hamilton,Multi-tiered high-level architecture,4,2020-1-2,False
Sarah Green,Virtual client-server interface,1,2005-10-21,True
Jeremiah Allen,Operative explicit open architecture,2,2011-12-12,False
Cassandra Rivera,Down-sized eco-centric paradigm,3,2001-7-13,True
Andrew Baker,Diverse analyzing frame,1,2020-9-14,False
Rebecca Forbes,De-engineered bottom-line workforce,1,2018-10-8,True
Jerry Fox,Networked system-worthy software,1,1997-8-5,False
Jacob Harris,Digitized bifurcated model,3,2004-9-21,False
Sara Lamb,Future-proofed client-server service-desk,5,1992-1-16,True
Robert Smith,Public-key scalable portal,2,1992-6-7,True
Jacob Peters,Fundamental stable challenge,3,1991-12-25,True
Michael Lam,Triple-buffered hybrid info-mediaries,3,2005-8-20,False
Margaret Galvan,Vision-oriented radical encoding,4,1999-6-5,False
John Farley,Decentralized explicit time-frame,3,2003-12-25,True
Rebecca Freeman,Cross-platform 5thgeneration forecast,2,2010-3-27,False
Matthew Gray,Phased 6thgeneration conglomeration,3,2016-4-8,True
Sara Mcbride,Secured directional functionalities,1,2005-10-14,False
Evan Clark,Devolved coherent software,2,1994-11-25,False
Todd Wells,Optional systemic standardization,4,2011-5-18,False
Dr. Tiffany Brown DVM,Integrated 24hour adapter,4,1998-4-10,True
Bernard Fisher,Reactive 5thgeneration throughput,3,1990-7-21,False
Tim Freeman,Balanced non-volatile concept,1,2008-4-2,False
Shannon Flynn,Inverse maximized definition,5,2014-7-23,True
Robert Manning,Programmable encompassing support,1,2012-4-18,False
Lisa Jones,Diverse 24hour open architecture,1,1996-7-28,False
Christina Garcia,User-friendly logistical frame,3,2014-9-18,True
Jennifer Romero,Centralized logistical emulation,3,2019-2-7,True
Terry Craig,Robust 6thgeneration service-desk,1,1997-2-24,True
Anthony Perry,Realigned stable portal,4,2013-12-2,True
Christopher Morales,Exclusive methodical hierarchy,1,2011-1-11,False
Mr. Jose Jones,Open-source zero-defect framework,1,2014-9-4,True
Victor Johnson,Total tangible strategy,4,2011-3-25,True
Brenda Thomas,Future-proofed exuding definition,5,1994-6-25,False
Jessica Cruz DVM,Multi-layered well-modulated firmware,4,2012-7-28,True
Rebecca Camacho,Extended coherent neural-net,4,1999-9-14,True
Robert Wolfe,Customizable 6thgeneration definition,2,1997-12-16,False
Clinton Butler,Digitized intangible success,4,1993-9-11,False
Cindy Wilson,Universal hybrid policy,2,1990-5-28,True
Laura Nicholson,Devolved object-oriented info-mediaries,3,1990-9-12,True
Amy Massey,Customizable 5thgeneration process improvement,1,2009-8-19,True
Anthony Guerrero,Streamlined interactive circuit,3,2020-5-2,True
Jack Estrada,Streamlined non-volatile frame,3,2009-12-9,True
Nichole Arroyo,Vision-oriented composite functionalities,5,1994-7-21,False
Donna Gonzalez,Object-based reciprocal throughput,4,2008-12-16,False
Caleb Wood,Down-sized contextually-based projection,1,2014-1-11,False
Steven Flores,Re-contextualized impactful flexibility,2,2007-9-7,False
Nicholas Serrano,Automated discrete definition,1,2007-9-14,True
Dr. John Brown,Inverse 6thgeneration collaboration,1,2018-11-8,False
Dr. Lauren Young,Intuitive upward-trending flexibility,3,2005-1-15,False
Dustin Perez,Versatile cohesive portal,3,2019-3-9,True
Dr. Tiffany Brown DVM,Multi-layered high-level flexibility,3,2003-1-12,True
Andrew Johnston,Pre-emptive grid-enabled migration,5,2015-3-20,False
Justin Peters,Intuitive object-oriented model,2,2019-1-20,True
Autumn Strong,Profit-focused upward-trending frame,5,2008-9-13,True
Matthew Johnson,Customizable contextually-based protocol,3,1990-8-15,False
Austin Morris,Operative system-worthy hub,5,2011-10-10,False
Melissa Maddox,Profound needs-based parallelism,2,2020-7-21,False
Melinda Merritt,Cross-platform foreground projection,5,1994-11-23,True
John Coffey,Devolved client-server attitude,2,1995-1-23,True
Rebekah Miller,Persevering stable service-desk,1,1990-2-19,True
Todd Solis,Cross-platform foreground projection,3,1997-4-2,False
Evan Clark,Organic upward-trending portal,2,1993-5-9,False
Amy Zimmerman,Diverse fresh-thinking matrix,5,2019-3-6,False
Henry Nguyen,Operative grid-enabled frame,1,2014-9-2,False
Emily Stephens,Integrated 24hour adapter,2,2005-10-21,False
Natasha Knight,Devolved cohesive function,5,1992-5-17,False
Madison Stanley,Exclusive background Local Area Network,5,1997-12-20,False
Darrell Phillips,Phased zero-defect approach,2,1997-2-4,True
Jason Cabrera,Ergonomic heuristic artificial intelligence,3,1998-12-13,True
Janice Lopez,Open-architected 24/7 software,5,2003-4-6,False
Luke Schneider,Persistent responsive leverage,5,2003-8-19,False
Jack Perez,Realigned systemic info-mediaries,2,1995-11-4,True
Kelly Berry,Adaptive solution-oriented throughput,5,2007-5-28,False
Kimberly Mcdaniel,Integrated 24hour adapter,2,2004-6-12,False
Benjamin Lee,Up-sized actuating emulation,5,1998-4-8,True
Michael Hill,Managed heuristic strategy,2,2006-3-6,False
Taylor Stewart,Focused asynchronous software,2,1997-1-7,True
Stephanie Vargas MD,Digitized systemic capacity,1,2002-8-15,True
James Lopez,Cloned fault-tolerant hub,3,2013-3-27,False
Jason Miller,Devolved object-oriented info-mediaries,1,1998-8-7,False
Ethan Richards,Realigned 24hour attitude,4,2004-2-24,True
Kara Boyle,Re-engineered explicit architecture,5,2019-10-10,False
David Gonzalez,Centralized logistical emulation,1,1997-1-10,True
Patrick Campbell,Multi-layered system-worthy utilization,5,2014-10-9,False
Adam Smith,Optimized attitude-oriented parallelism,3,2018-6-15,False
Robert Lee,Customizable 6thgeneration definition,4,1990-4-3,False
Lauren Hunter,Extended secondary alliance,1,2019-3-25,True
Paul Sanchez,Expanded heuristic initiative,5,2008-11-19,False
Kristen Ross,Total local capacity,5,2018-4-26,True
Deborah Wilkinson,Expanded heuristic initiative,1,2004-9-19,True
Michael Trujillo,Balanced secondary forecast,5,2013-10-3,False
Adrian Wiley PhD,Cross-group asymmetric portal,1,1998-12-25,True
Andrew Collins,Mandatory static pricing structure,2,1992-12-27,True
David Scott,Sharable systemic policy,1,1999-3-16,True
Brittney Glover,Vision-oriented bifurcated encryption,2,1994-2-2,True
Robert Patterson,Networked global customer loyalty,2,1999-10-8,True
Becky Adams,Front-line national data-warehouse,1,2010-4-11,False
Matthew Taylor,Multi-lateral 3rdgeneration open architecture,5,1990-10-23,True
April Clark,Realigned bifurcated toolset,2,2019-5-15,False
Jeremy Murphy,Fundamental intermediate alliance,2,2020-10-8,True
Justin Ramos,Vision-oriented zero-defect intranet,2,2010-10-17,False
Judith Kelly,Face-to-face optimizing project,3,2006-8-21,False
Troy Zamora,Advanced leadingedge encryption,3,2004-12-3,False
Alan Bass,Open-source zero-defect framework,3,2002-6-27,False
Angela Torres,Function-based asynchronous budgetary management,4,2006-9-2,True
Alfred Brown,Virtual optimal hub,1,1992-4-3,True
Cameron Bell,Face-to-face fresh-thinking productivity,3,2016-2-17,False
Erika Kennedy,Sharable contextually-based installation,5,2019-7-26,False
Brandon Lopez,Business-focused encompassing utilization,5,2007-8-15,False
Glenn Chapman,Programmable exuding implementation,3,2001-12-4,False
Matthew Thomas,Virtual asymmetric policy,5,1991-12-4,False
Kerry Rojas,Inverse coherent knowledgebase,1,1997-9-13,True
Mark Vasquez,Focused tertiary conglomeration,2,2014-6-12,False
Katelyn Simmons,Open-source explicit emulation,3,1990-8-6,True
Eddie Quinn,Self-enabling asymmetric knowledge user,2,2008-7-23,True
Joshua West,Right-sized tangible customer loyalty,5,2020-5-23,True
Theresa Glover,User-centric regional project,2,1991-9-15,True
Danny Murray,Visionary national open architecture,5,1994-1-7,False
Mark Vasquez,Devolved dynamic projection,3,1996-1-28,True
Lauren Hunter,Adaptive solution-oriented throughput,5,2015-12-10,False
Angela Torres,Open-source value-added ability,1,2009-11-13,True
Lisa Owens,Sharable static structure,3,2017-9-4,False
Michael Carroll,Balanced bottom-line artificial intelligence,4,2016-9-28,False
Lisa Howard,Automated discrete definition,4,2017-8-17,False
Margaret Wyatt,Compatible secondary architecture,1,1999-5-2,False
Nicole Mcdonald,Re-engineered didactic Graphical User Interface,3,1991-7-9,False
Melissa Johnson,Synergized even-keeled paradigm,3,1997-3-25,False
Elizabeth Banks,Streamlined interactive circuit,3,2012-7-1,False
Yvonne Morgan,Quality-focused contextually-based structure,2,1994-2-27,True
Ethan Richards,Enhanced homogeneous emulation,5,2010-12-16,False
Abigail Santiago,De-engineered well-modulated analyzer,2,2001-8-3,True
Nathaniel Stewart,Reactive 5thgeneration throughput,1,2006-6-15,True
Bryan Baldwin,De-engineered zero tolerance algorithm,1,2016-12-17,False
Mr. Christopher Jones,Reduced multi-state system engine,4,1992-3-4,True
Mr. Christopher Shah DDS,Optional 24hour open architecture,5,1998-5-7,True
Michele Davis,Horizontal didactic parallelism,4,2011-12-24,False
Wendy Dyer,Function-based encompassing capacity,5,1995-12-7,False
Stephanie Bullock,Front-line actuating knowledgebase,1,2020-11-9,True
Dr. Walter Nelson,Digitized executive task-force,2,2000-4-19,False
Gabrielle Morgan,Function-based eco-centric paradigm,4,1991-7-25,True
Elizabeth Garcia,Re-contextualized radical productivity,1,2016-7-13,False
Adrienne Taylor,Reactive interactive structure,5,2011-12-24,True
Linda James,Total 24/7 time-frame,2,2004-10-9,True
John Garrett,Synergized clear-thinking Graphical User Interface,2,1991-7-1,False
Joseph Diaz,Decentralized global emulation,1,1998-6-21,True
Lisa Thomas,De-engineered full-range framework,1,1999-1-14,True
Jacqueline Williams,Programmable value-added archive,1,2003-10-23,True
Billy May,Synchronized tangible projection,1,2012-5-12,False
Rebecca Camacho,Up-sized actuating emulation,1,2009-6-5,False
Christopher Boone,Fully-configurable stable infrastructure,1,1992-9-4,True
Mark Brandt,Enhanced human-resource capability,5,2006-10-18,True
Matthew Johnson,Innovative mobile framework,5,2006-10-2,False
Patricia Carter,Right-sized regional emulation,5,1990-10-21,True
Karen Lopez,Face-to-face background conglomeration,2,1993-4-22,True
Victor Johnson,Face-to-face holistic database,3,2020-5-8,True
Richard Long,Intuitive hybrid process improvement,3,2017-10-17,True
Jesus Harris,Right-sized tangible customer loyalty,3,2019-1-3,True
Heidi Martin,Proactive asynchronous time-frame,5,2006-4-19,True
Taylor Arnold,Reactive interactive structure,3,1990-11-2,False
Kelsey Boyle,Quality-focused client-server structure,4,2016-12-26,True
Sarah Barnes,Grass-roots cohesive info-mediaries,5,2014-3-7,True
Brittany Martin,Customizable zero-defect service-desk,5,1994-10-20,True
Nathaniel White,Managed zero tolerance artificial intelligence,1,2015-8-11,False
Ian Martin,Synchronized system-worthy throughput,1,2014-7-12,True
Nina Thomas,Intuitive national support,4,2020-2-26,False
Christopher Gutierrez,Devolved client-server attitude,3,1994-10-24,True
Gerald Gross,Organized neutral ability,2,1999-6-9,True
Michael Moore,Diverse next generation moderator,1,2020-2-20,False
Diane Flores,Reactive logistical workforce,5,1992-2-17,True
Dr. Jacqueline Conrad DVM,Enhanced homogeneous emulation,1,2017-12-26,True
Steven Wood,Profound bifurcated matrix,3,2007-11-27,True
Lori Murphy,Fundamental tertiary database,1,2001-10-18,False
James Sanchez,Optional composite Local Area Network,2,2004-10-21,True
Joshua Burns,De-engineered analyzing success,5,2019-3-5,False
Brenda Thomas,User-centric upward-trending data-warehouse,2,2004-6-4,True
Wanda Cruz,Extended multi-state moderator,4,2016-4-18,False
Kathleen Garcia,Exclusive coherent complexity,2,1998-11-17,False
Jonathan Gomez,Organized actuating functionalities,2,2010-11-26,False
Carol Bell,Devolved dynamic projection,2,1999-11-20,False
Keith Gaines,Future-proofed local productivity,1,2018-10-23,True
Kristen Rodriguez,Cross-platform high-level matrix,1,2001-5-18,True
Jon Jones,Devolved directional service-desk,2,2019-5-19,False
Jeffery Hunt,Ergonomic 24/7 support,2,1991-7-12,True
Eric Ramsey,Expanded executive challenge,3,2000-3-11,True
Angela White,Ameliorated 6thgeneration array,3,2016-7-26,False
Wendy Cabrera,Distributed logistical alliance,3,2018-12-8,False
Steven Holmes,Down-sized encompassing time-frame,2,2016-11-1,True
Lauren Freeman,De-engineered modular database,3,2004-6-26,True
Alfred Brown,Digitized intangible success,3,2019-10-17,False
Kim Campos,Object-based non-volatile paradigm,5,2018-11-9,False
Julie Hayden,Networked empowering task-force,5,1993-3-19,False
Ian Martin,Public-key grid-enabled secured line,2,1994-11-6,False
Matthew Patel Jr.,Versatile attitude-oriented circuit,4,1992-11-25,False
Michelle Long,Right-sized context-sensitive hierarchy,5,2005-7-14,False
Rhonda White,Team-oriented background model,1,2019-5-20,False
Elizabeth Garcia,Expanded executive challenge,5,2011-12-22,False
Sarah Bryan,Multi-tiered high-level architecture,3,1994-2-21,False
Angela Whitney,Visionary national open architecture,3,1996-8-12,False
Natalie Diaz,Phased multi-tasking focus group,2,2020-8-10,True
Christina Hendricks,Assimilated multimedia parallelism,1,2016-3-25,True
Joseph Flores,Re-engineered analyzing open architecture,5,1991-7-6,False
Mary Berry,Re-contextualized impactful flexibility,4,1993-8-17,False
Tasha Olsen,Versatile responsive implementation,5,2015-6-19,True
Samantha Miller,Optional 24hour open architecture,4,1994-3-3,True
Darrell Phillips,Intuitive clear-thinking architecture,5,1999-5-28,False
Justin Smith,Polarized stable software,2,2002-9-17,False
Jennifer Atkinson,Team-oriented systematic software,4,2014-3-25,True
Jennifer Torres,Enhanced zero-defect firmware,4,2020-11-21,False
Abigail Burns,Profound real-time neural-net,1,1993-1-10,False
Sean Hernandez,Streamlined optimal structure,4,2020-3-12,False
Paul Simmons,Intuitive background extranet,4,2014-2-6,False
Pamela Sims,Cross-platform directional methodology,3,2020-4-18,True
Ian Martin,Open-architected motivating Graphical User Interface,5,2002-4-17,False
Monica Hernandez,Public-key scalable portal,3,1995-11-15,True
Morgan Evans,Intuitive object-oriented model,3,2001-8-24,False
Jonathan Clarke,Public-key discrete archive,4,1998-11-2,True
Jennifer Good,Streamlined optimal structure,2,2017-4-5,False
Curtis Graham,Re-contextualized radical productivity,4,2019-10-24,True
Terry Lewis,Function-based 24hour instruction set,3,2016-7-9,True
Diane Mckay,Advanced bottom-line structure,3,1997-1-13,True
Shirley David,Mandatory zero administration implementation,1,2006-1-15,False
Jeremy Simpson,Integrated zero-defect synergy,2,1995-11-26,False
Cynthia Parsons,Versatile attitude-oriented circuit,5,1990-3-21,True
Teresa Robinson,Decentralized disintermediate orchestration,3,2008-3-7,False
Chelsea Campbell,Progressive background parallelism,2,2018-3-7,False
Benjamin Liu,Enterprise-wide bi-directional definition,5,2012-9-16,True
Mason Murphy,Profit-focused 3rdgeneration open architecture,4,2016-7-4,False
Zachary Chen,Inverse coherent knowledgebase,2,2019-11-24,False
Amy Crawford,Persistent contextually-based process improvement,2,2001-9-23,False
Katie Smith,Inverse homogeneous superstructure,1,2016-9-7,True
Peter Long,Realigned bifurcated toolset,1,1993-12-18,False
Rebecca Ramirez,Focused coherent project,1,2012-11-22,False
Tanya Mason,Open-architected optimal standardization,4,2008-3-26,True
Tonya Green,Phased context-sensitive moratorium,2,2010-8-8,False
Matthew Simpson,Advanced 3rdgeneration migration,2,2019-3-2,False
Kristina Hopkins,Versatile leadingedge array,2,1998-10-27,False
Patrick Thompson,Customizable secondary support,5,2011-9-14,False
Corey Krause,Switchable homogeneous initiative,1,2014-3-22,False
Jasmine Frazier,Synergized cohesive hub,3,2017-3-28,False
Ryan Campbell III,Devolved well-modulated approach,3,2003-11-14,False
Shawn Lamb,Decentralized empowering ability,3,2003-11-28,True
Benjamin Hawkins,Customizable bi-directional policy,4,2000-11-9,True
Kayla Williams,Streamlined didactic superstructure,3,2011-5-2,False
Ian Martin,Cloned explicit adapter,2,2010-4-14,False
Amanda Brown,Distributed eco-centric data-warehouse,5,2011-7-6,True
David Thomas,Total system-worthy conglomeration,3,2005-9-15,False
Jon Jones,Object-based reciprocal throughput,1,2004-9-13,False
Evan Sampson,Expanded analyzing help-desk,2,1998-6-12,True
Sandra Johnson,Self-enabling full-range encoding,2,1991-9-7,True
Amy Crawford,Stand-alone uniform capability,2,2012-3-13,True
Anna Morris,Multi-layered interactive moratorium,2,2010-5-9,False
Timothy Campos,Virtual clear-thinking approach,1,1990-5-22,True
Kelly Berry,Proactive asynchronous time-frame,5,1998-9-18,True
Michelle Bender,Profit-focused zero-defect success,5,2005-10-4,False
Ronald Ayers,Front-line demand-driven system engine,1,1995-2-4,False
Nicholas Simmons,Robust neutral focus group,3,2014-3-21,True
Kaitlyn Hess,Customer-focused human-resource migration,1,2016-3-17,False
Natalie Smith,Realigned zero-defect interface,1,2006-8-17,True
Darlene Smith,Customizable 6thgeneration archive,3,2004-8-14,True
Elizabeth Banks,Advanced analyzing task-force,5,2002-4-4,False
Christina Bartlett,Programmable encompassing support,2,2012-6-9,False
Marcus Nichols,Profit-focused discrete access,4,2020-7-6,False
Connie Allen,Implemented 3rdgeneration open architecture,4,2020-3-23,True
Stephanie Elliott,Operative context-sensitive concept,1,2005-1-14,True
Dr. Jennifer Torres PhD,Versatile actuating Graphic Interface,2,1994-7-9,False
Corey Summers,Right-sized uniform encoding,5,2020-6-17,False
Stephen Wright,Multi-layered encompassing website,5,2018-6-20,True
Carol Bell,Realigned bifurcated toolset,1,2016-10-2,True
Cassandra Rivera,Sharable attitude-oriented attitude,4,2008-10-24,False
James Sanchez,Extended secondary alliance,5,1990-7-7,True
Glen Summers,Distributed eco-centric productivity,4,2009-2-26,True
Dr. Dwayne Cruz,Digitized actuating success,5,2004-4-10,True
Jeffrey Morris,Cross-group full-range throughput,4,1992-8-22,True
David Lopez,Versatile responsive implementation,3,2008-5-10,True
Scott Spencer,Quality-focused tangible budgetary management,1,1998-9-15,True
Christie Jordan,Object-based eco-centric hardware,2,2002-10-12,False
Angela Nichols,Public-key 4thgeneration knowledge user,2,1998-7-28,True
Andrea Miller,Fundamental human-resource synergy,3,2009-7-17,False
Chad Patel,Universal hybrid policy,4,1990-9-25,True
Allen James,Polarized mission-critical infrastructure,4,1993-7-26,True
Ashley Rogers,Switchable 24/7 structure,3,2015-9-3,False
Lauren Freeman,Re-engineered uniform customer loyalty,3,2010-8-8,False
Lisa Greene,Right-sized upward-trending solution,1,2010-5-4,True
Pamela Shaw,Centralized transitional policy,5,2014-1-15,False
Eric Hardy,Visionary solution-oriented emulation,3,2019-10-5,False
Jennifer Lewis,Streamlined didactic superstructure,4,2018-3-25,True
Rachel Lewis,Assimilated zero-defect analyzer,2,1998-11-27,False
Jacob Butler,Persistent user-facing hardware,2,2020-1-15,False
Connie Gray,Automated holistic encryption,4,1995-6-18,False
Christina Nelson,Up-sized directional analyzer,4,2015-7-1,False
Michael King,Horizontal clear-thinking system engine,4,1997-7-24,True
Sarah Ware,Inverse maximized definition,4,2000-4-12,False
Nicholas Ramirez,Enhanced 3rdgeneration attitude,4,2001-9-13,False
Ashley Buckley,Mandatory zero administration implementation,3,1994-9-19,False
Ashley Phillips,Team-oriented homogeneous firmware,5,2019-9-27,True
David Gonzalez,Realigned leadingedge hierarchy,4,2011-9-26,False
Johnny Andersen,Reverse-engineered bifurcated utilization,2,2017-9-9,False
Phillip Gardner,Devolved transitional access,4,1995-12-13,True
David Morton,Customer-focused fault-tolerant function,5,2000-10-16,False
Jamie Medina,Reduced multi-state system engine,4,2014-8-22,True
Margaret Wyatt,Switchable next generation info-mediaries,4,2010-6-28,False
Elizabeth Miller,Triple-buffered actuating initiative,1,2007-7-21,True
Justin Norman,Vision-oriented composite circuit,3,1995-1-17,True
Jennifer Scott,Re-contextualized bandwidth-monitored workforce,4,2009-5-7,False
Allen James,Visionary solution-oriented emulation,4,2008-4-18,True
Kirsten Martinez,Focused content-based intranet,4,1997-1-12,True
Brian Mckay,Business-focused discrete model,4,2005-12-18,True
Christopher Mills,Balanced bottom-line artificial intelligence,1,2012-11-11,True
Mary Stevens,Balanced bottom-line artificial intelligence,3,2012-8-1,True
Christopher Christian,Intuitive upward-trending flexibility,1,1991-5-24,False
Kenneth Byrd,Multi-layered well-modulated firmware,4,2003-10-11,True
Anthony Bell,Face-to-face cohesive forecast,3,2014-10-11,True
Jamie Parker,Sharable attitude-oriented attitude,4,1997-11-23,False
Deborah Schneider,Synergistic static Graphic Interface,1,2015-10-7,False
Michelle Glass,Sharable static structure,4,2014-8-3,True
Kathleen Diaz,Fundamental clear-thinking Graphical User Interface,2,2008-11-8,True
Tyler Werner,Customer-focused fault-tolerant function,5,2019-9-21,True
Cassandra Rivera,Cross-group hybrid architecture,2,2002-9-6,True
Cheryl Blair,Quality-focused tangible budgetary management,2,2008-10-16,True
Mr. Jacob Larson,Visionary multi-tasking neural-net,3,2016-12-2,True
Teresa Adams,Versatile actuating Graphic Interface,2,1999-12-26,True
Kara Boyle,Persistent solution-oriented capability,2,2009-10-20,True
Kathleen Robertson,Cross-platform 3rdgeneration functionalities,3,2009-11-11,True
Sarah Stone,Polarized object-oriented function,4,2020-9-21,True
Nicholas Serrano,Multi-layered motivating array,2,1996-1-7,True
Mrs. Sandra Rogers MD,Exclusive optimizing customer loyalty,3,2006-7-11,False
Jessica Reeves,Visionary national open architecture,2,2008-3-16,True
David Rodriguez,Reverse-engineered bifurcated utilization,4,1993-8-23,False
Debra Morgan,Total local capacity,4,2003-5-24,False
Kimberly White,Versatile attitude-oriented circuit,2,1994-10-12,False
Candice Olson,Profound systematic project,3,1997-9-21,True
Michelle Davis,Polarized solution-oriented concept,3,2018-12-12,False
Heather Mathis,Persevering fresh-thinking utilization,4,1991-3-13,False
Tasha Olsen,Customer-focused demand-driven success,4,2014-1-23,True
Brendan Turner MD,Visionary high-level conglomeration,1,1996-1-19,False
Daniel Yoder,Centralized client-server focus group,3,1995-5-3,False
Karen Fernandez,Grass-roots fault-tolerant frame,3,1994-1-14,False
Crystal Andrews MD,Seamless fresh-thinking portal,1,2002-9-8,False
Christina Wilson,Enterprise-wide dedicated moratorium,4,2020-5-12,True
Kenneth Byrd,Switchable next generation info-mediaries,3,2019-9-17,False
Matthew Moore,Sharable attitude-oriented attitude,2,2019-4-24,True
Bethany Conway,Front-line actuating knowledgebase,3,1990-9-18,True
Thomas Anderson,Polarized local utilization,5,2012-7-11,True
Tony Taylor,Reduced mobile help-desk,5,1999-7-2,True
Christopher Bass,Networked composite capability,2,2009-8-3,True
Stephanie Huffman,Total contextually-based extranet,3,2005-7-5,True
Kevin Bishop,Stand-alone 24/7 moratorium,4,2018-3-18,False
Megan Vasquez,Enhanced 3rdgeneration productivity,1,1998-12-15,True
Monique Murphy,Stand-alone dynamic project,1,2005-12-9,True
Anna Morris,Virtual optimal hub,3,1997-4-12,True
Christopher Long,Grass-roots interactive throughput,2,2015-5-8,True
Gloria Hess,Universal zero tolerance implementation,5,2018-6-27,True
Lauren Velazquez,Diverse fresh-thinking matrix,4,1994-12-8,True
Terry Lopez,Advanced 3rdgeneration migration,4,1998-7-1,True
Megan Everett,Virtual interactive process improvement,5,2008-1-6,False
Dr. Jacqueline Conrad DVM,Fully-configurable background Graphical User Interface,3,1993-8-13,False
Angela Torres,Ergonomic client-server policy,4,2013-6-28,True
Travis Huber,Managed motivating firmware,4,2017-1-3,True
Maria Miller,Grass-roots impactful orchestration,3,2008-12-20,True
Travis Coleman,Mandatory didactic frame,1,2006-12-28,True
Kimberly Diaz,Synergistic actuating extranet,4,1991-10-9,False
Stephanie Vargas MD,Multi-lateral mobile archive,3,1992-6-14,True
Cheryl Blair,Reverse-engineered local artificial intelligence,2,1997-8-22,False
Jacqueline Kirby,Synergistic motivating solution,2,2011-12-14,True
Amanda Williams,Optimized asynchronous success,5,2005-8-28,True
Drew Flynn,Up-sized actuating emulation,2,2011-12-10,False
Stephanie Marshall,Automated dedicated moratorium,2,1994-8-15,True
Marie Alvarado,Front-line bifurcated time-frame,2,1995-7-11,False
Christina Morgan,Customizable intangible projection,2,1995-6-4,False
Monica Hernandez,Stand-alone uniform capability,5,1997-6-8,True
Nichole Munoz,Devolved client-server attitude,4,1990-10-22,False
Victoria Walker,Face-to-face discrete model,2,2007-12-19,True
Sandra Livingston,Face-to-face multi-tasking functionalities,5,2005-6-4,True
David Warren,Face-to-face holistic database,5,1991-7-18,True
Cathy Jenkins,Triple-buffered explicit portal,3,2013-5-19,False
Christina Conner,Fully-configurable secondary instruction set,3,2000-4-25,True
William Phillips,Switchable next generation info-mediaries,1,1991-1-9,True
Parker Jackson,Progressive scalable frame,3,2002-9-10,False
Lisa Walker,User-friendly coherent Local Area Network,1,2006-2-10,True
John Campbell,Networked hybrid projection,4,2014-7-10,True
Thomas Jenkins,Fully-configurable secondary instruction set,1,1993-4-19,False
Eduardo Rodriguez,Front-line demand-driven system engine,5,2001-11-10,False
Patrick Duncan,Synergistic logistical approach,1,2008-11-21,False
Elizabeth Miller,Progressive zero-defect pricing structure,2,2007-5-27,False
Mrs. Tonya Rogers,Enhanced homogeneous emulation,3,2002-10-14,True
Christopher Velez,Future-proofed exuding definition,2,2017-8-17,False
Taylor Stewart,Customizable stable approach,4,2005-8-7,False
Michael Hawkins,Implemented 24/7 strategy,1,2002-12-21,False
Deborah Bradley,Multi-layered system-worthy utilization,4,1991-3-17,False
Benjamin Lee,User-friendly 5thgeneration approach,5,1993-4-14,True
Anna Jensen,Stand-alone uniform capability,4,1996-1-28,False
Annette Kelly,Focused client-driven orchestration,3,2013-3-6,False
Kelly Arnold,Virtual encompassing task-force,4,2005-10-7,False
Tamara Smith,Persistent impactful attitude,2,2013-10-19,False
Amber Cooper,Ergonomic heuristic artificial intelligence,5,2004-2-16,False
Victor King,Public-key 4thgeneration knowledge user,2,1990-3-8,False
Susan Clark,Profound regional installation,5,2011-7-24,False
Richard Howard,Managed zero tolerance artificial intelligence,4,2000-3-18,True
Deanna Jenkins,Devolved transitional access,1,1995-8-5,False
Lauren Flores,Optional hybrid website,2,1994-7-6,True
Kristi Long,Open-architected explicit toolset,1,1997-5-24,True
Peggy Fields,Extended zero-defect adapter,3,1993-6-22,False
Jane Smith,Automated dedicated moratorium,5,2007-11-11,True
William Brown,Persistent asymmetric protocol,5,2001-8-24,True
Brenda Cole,Synergistic transitional task-force,5,2006-9-14,False
Linda James,Function-based needs-based open architecture,5,2008-12-2,True
Ashley Ross,Balanced high-level solution,4,2011-6-12,True
Kaitlyn Marshall,Team-oriented maximized website,4,2017-10-9,True
Rebecca Freeman,Versatile 24/7 framework,1,2016-8-20,True
Katherine Owens,Digitized mobile neural-net,3,1998-10-20,True
Breanna White,Extended coherent neural-net,3,1996-9-17,True
Laura Schultz,Profound well-modulated secured line,3,2013-1-13,True
Andrew Bright,Adaptive foreground conglomeration,4,1992-3-6,True
Cynthia Cooper,Fully-configurable background Graphical User Interface,1,1998-10-26,True
Kimberly Hale,Face-to-face 24/7 structure,1,2001-3-15,True
Margaret Newman,Persistent impactful attitude,3,2020-4-18,True
Samuel Craig,Multi-layered optimal model,4,1996-8-25,False
Jessica Jones,Reduced radical analyzer,5,2005-6-23,True
Theodore Lee,Focused asynchronous software,3,2013-1-9,True
Jack Estrada,Multi-lateral bifurcated Local Area Network,3,2003-8-6,True
Steven Lawrence,Optional hybrid website,1,2005-12-23,False
Patrick Thompson,Open-architected context-sensitive approach,2,1991-2-21,True
James Heath,Assimilated tangible process improvement,5,2017-2-16,True
Andrew Hill,Managed motivating firmware,1,1992-8-26,False
Robert Davis,Centralized logistical emulation,5,2010-3-10,False
Shirley David,Realigned leadingedge hierarchy,5,2020-8-8,True
Jamie Franklin,Reduced mobile help-desk,5,2013-5-21,True
Anne Neal,Enhanced 3rdgeneration attitude,4,2007-10-23,True
Amanda Goodman,Advanced next generation contingency,2,2007-3-4,False
Michael Avery,Innovative solution-oriented concept,3,2020-7-25,False
Gavin Brown,Persistent local interface,5,2004-10-12,True
Jeremy Perez,Ameliorated mission-critical Internet solution,2,1995-6-25,False
Kimberly Robertson,Secured non-volatile extranet,2,1999-3-6,False
Natalie Diaz,Right-sized needs-based middleware,4,2001-11-9,False
Heather Morris,Implemented zero tolerance knowledgebase,1,1997-4-10,True
Monica Hernandez,Digitized actuating success,4,1991-10-11,True
Suzanne Green,Organized zero tolerance Internet solution,2,2001-5-6,False
Juan Brown,Sharable contextually-based installation,2,1991-4-26,True
Joshua Hull,Organic heuristic projection,4,2006-8-3,False
Paul Simmons,Operative system-worthy hub,4,2003-9-6,True
Brittany Hodge,Exclusive coherent complexity,5,2004-6-6,False
Shawn Neal,Versatile cohesive portal,2,1992-11-10,True
Angela Mullins,Ergonomic client-server policy,5,1992-11-28,True
Robin Rogers,Triple-buffered bi-directional extranet,5,2002-1-20,False
Michael Rasmussen II,Persevering well-modulated help-desk,2,2006-6-14,False
Christine Callahan DDS,Centralized scalable task-force,4,2006-3-17,True
Cynthia Robinson,Streamlined multi-tasking framework,2,2014-3-25,False
Brendan Turner MD,Intuitive actuating matrix,4,1990-7-23,True
Dorothy Landry,Polarized responsive ability,2,1991-1-14,True
Emily Nichols,Profound leadingedge capacity,3,2008-11-10,True
Daniel Franklin,Profit-focused asymmetric instruction set,1,1997-2-2,True
Jesus Harris,Reactive 5thgeneration throughput,2,2010-5-25,True
Pam Gardner,Synergistic motivating solution,5,2017-1-22,False
Eric Ramsey,User-friendly system-worthy neural-net,2,1997-6-18,True
Matthew Shaw DDS,Customizable 6thgeneration archive,1,1998-12-25,True
Ronald Lee,Realigned local attitude,3,2014-11-5,True
Christopher Haney,Vision-oriented radical encoding,2,2017-11-10,False
Jacqueline Scott,Customer-focused value-added algorithm,3,2010-6-22,False
Amanda Hester,Open-architected foreground orchestration,1,2005-3-23,False
Julian Ruiz,User-friendly 24hour definition,1,1991-4-21,True
Nicolas Jenkins,Configurable didactic time-frame,5,2003-2-28,False
John Patel,Quality-focused client-server structure,5,2020-5-7,False
Daniel Franklin,Total local capacity,2,2002-7-22,True
Kari Larson,Integrated high-level Graphic Interface,2,2000-4-11,False
Brittney Johnson,Open-architected maximized monitoring,1,2010-7-18,True
Jose Hanna,Multi-lateral disintermediate extranet,3,2007-2-1,True
Alyssa Andrews,Vision-oriented impactful algorithm,5,2005-1-18,True
Jonathan Morton,Fully-configurable non-volatile circuit,5,2003-10-18,False
Lauren Norman,Cloned analyzing groupware,4,2018-4-15,True
Jeremiah Armstrong,Face-to-face holistic database,2,2014-3-5,False
Kristen Benjamin,Adaptive scalable forecast,2,1998-11-19,True
Sandra Johnson,Centralized web-enabled projection,5,1995-2-1,False
Richard Smith,Versatile cohesive portal,4,2009-10-25,False
Samantha Hernandez,Universal neutral Local Area Network,4,2012-7-26,True
Christopher Christian,Configurable didactic time-frame,1,2004-10-17,True
Matthew Smith,Automated dedicated moratorium,4,2000-4-19,False
Kari Haas,Customizable dynamic utilization,2,1999-2-13,True
Mark Patton,Multi-lateral dedicated portal,2,1990-12-25,True
Bethany Conway,Open-source value-added ability,3,2000-6-5,True
Kathleen Robertson,Public-key optimal process improvement,2,1999-11-22,False
Timothy Hayes,Switchable next generation info-mediaries,5,2005-11-2,False
Logan Roberts,De-engineered modular system engine,3,1996-1-21,True
Sarah Joyce,Profound client-driven flexibility,2,1993-12-22,True
Tina Combs,Reactive global implementation,2,2017-6-22,False
Joseph Ramirez,Operative radical benchmark,3,2010-2-19,False
Robin Martin,Re-contextualized impactful flexibility,2,2003-11-19,True
Trevor Sanchez,Up-sized regional intranet,5,2009-10-23,True
Michelle Glass,Focused fault-tolerant conglomeration,4,2018-12-11,False
Kelly Scott,Ameliorated explicit intranet,5,2016-7-6,True
Miguel Jacobs,Re-contextualized mission-critical success,5,1993-7-15,True
Vanessa Weaver,Versatile 3rdgeneration flexibility,5,2002-6-16,True
Janice Lopez,Advanced leadingedge encryption,2,2008-5-5,True
Regina Frye,Mandatory zero tolerance encoding,4,2010-6-24,False
Melissa Hall,Devolved well-modulated approach,1,2010-5-13,True
Joseph Peters,Pre-emptive non-volatile alliance,4,2014-1-23,True
Mark Larson,User-friendly human-resource emulation,1,1995-10-4,False
Carol Sanders,Digitized mobile neural-net,1,1999-8-9,False
Daniel Sparks,Polarized responsive ability,1,2001-10-19,False
Stephanie Vargas MD,Configurable exuding utilization,5,2011-4-26,True
Sally Roberts,Networked object-oriented orchestration,5,2011-4-6,False
Shawn Harris,Multi-layered motivating array,2,1997-9-12,False
Kaitlyn Rogers,Phased tangible intranet,5,2016-5-28,True
Heather Craig,Enterprise-wide bi-directional definition,5,1996-12-21,False
Jeffrey Reynolds,Robust radical encryption,4,1996-6-22,False
Scott Johnson,Virtual clear-thinking approach,4,1992-3-8,True
Andrew Kim,Fundamental human-resource synergy,3,1990-1-23,False
Taylor Arnold,Fully-configurable mission-critical Graphic Interface,4,2015-3-4,False
Robert Wolfe,Synergistic actuating extranet,3,2002-6-5,False
Joel Johnson,Front-line analyzing hierarchy,3,2001-5-1,True
Bethany Gibson,Automated dedicated moratorium,2,2002-6-16,False
Jose Henry,Front-line national data-warehouse,5,2005-1-25,False
Tina Cameron,Innovative 24/7 migration,5,1995-5-27,False
Nancy Park,Grass-roots fault-tolerant frame,3,2002-7-11,True
Eric Howard,Open-architected 24/7 software,5,2005-4-9,False
James Burgess,Open-architected context-sensitive approach,5,2001-2-19,True
Brittney Palmer,Profound motivating artificial intelligence,5,2002-1-17,True
Jose Henry,Up-sized directional analyzer,4,2003-9-21,True
Charles Pearson,Optional 5thgeneration strategy,2,2007-5-26,True
Samantha Hernandez,Automated well-modulated architecture,3,2018-4-19,True
Eric Ramsey,Polarized web-enabled matrix,3,2011-2-15,True
Valerie Garcia,Compatible systemic throughput,3,1991-11-3,False
Corey Conner,Multi-channeled solution-oriented service-desk,1,2016-2-6,True
Sandra Krause,Balanced eco-centric conglomeration,5,2013-5-8,True
William Perry,Persistent homogeneous artificial intelligence,2,2006-8-2,True
    